kashira_id,label,label_ka,category,image_id,sort_ja
1,Amanjaku,あまんじゃく,Special,[nan],あまんじゃく
2,Ebisu,恵比須,Special,[nan],えびす
3,Ōshūto,大舅,Male,"[8281, 8282, 8283, 8284, 8287, 8289, 8291, 8292, 8293, 8294, 8296, 9210, 9211, 9212, 9781, 9782, 9783, 9784, 9785, 9786, 9787, 9788, 9789, 9790, 9791, 11442, 11443, 11449, 12109, 12111, 12113, 12116, 12117, 12133, 12134, 12135, 12136, 12137, 12138, 12139, 12140, 12141, 12143, 12144, 12152, 12381, 12730, 12733, 12734, 12735, 12813, 12814, 12815, 12816, 12817, 12818, 12821, 12822, 12823, 12825, 12826, 12827, 12828, 12829, 12830, 12831, 12832, 12833, 12834, 12835, 12837, 12842, 12954, 12955, 12956, 12958, 12961, 44999, 45000, 45282, 45312, 45563, 45722, 45726, 45729, 45787, 45789, 45791, 46094, 46095, 46165, 46166, 46473, 46567, 46577, 47646, 47648, 47671, 47831, 47832, ...]",おおしゅうと
4,Ōdanshichi,大団七,Male,"[8667, 8669, 8670, 8671, 8672, 8676, 8687, 8688, 8689, 8690, 8691, 8692, 8693, 8695, 8696, 8697, 8698, 8699, 8700, 8701, 8702, 8703, 8704, 8706, 8708, 8712, 9246, 9247, 9262, 9263, 9264, 9310, 9311, 9312, 9313, 9321, 9324, 9325, 9326, 9327, 9328, 9329, 9330, 9331, 9332, 9333, 9334, 9338, 9339, 9340, 9341, 9342, 9343, 9344, 9345, 9346, 9347, 9348, 10005, 10006, 10007, 10008, 10011, 10014, 10015, 10016, 10017, 10018, 10019, 10020, 10021, 10023, 10028, 10029, 10030, 10031, 10032, 10033, 10034, 10035, 10037, 10038, 10039, 10041, 10042, 10045, 10047, 10050, 10051, 10052, 10053, 10054, 10055, 10056, 10057, 10058, 10059, 10061, 10062, 10063, ...]",おおだんしち
5,Ochō no kodomo,お蝶の子供,Children,[nan],おちょうのこども
6,Otoko koyaku,男子役,Children,"[8300, 8301, 8304, 8305, 8306, 8325, 8326, 8327, 8329, 8340, 8344, 8348, 8349, 8352, 8365, 8366, 8367, 8381, 8382, 8383, 8384, 8386, 8387, 8388, 8391, 8392, 8393, 8394, 8399, 8400, 8401, 8402, 8404, 8407, 8408, 8410, 8411, 8412, 8413, 8415, 8416, 8417, 8418, 8419, 8421, 8423, 8424, 8425, 8426, 8427, 8428, 8429, 8430, 8431, 8432, 8433, 8434, 8439, 8440, 8441, 8442, 8443, 8445, 8446, 8447, 8448, 8450, 8451, 8452, 8453, 8454, 8455, 8456, 8458, 8459, 8460, 8461, 8464, 8466, 8467, 8468, 8477, 8521, 8526, 8535, 8585, 8586, 8587, 8660, 8661, 8662, 8663, 10177, 10178, 10178, 10179, 10180, 10181, 10182, 10183, ...]",おとここやく
7,Otoko (sewa),男（世話）,Male,[nan],おとこ（せわ）
8,Otoko chū koyaku,男中子役,Children,"[52522, 52525, 52527, 55514, 55517, 55523, 55525, 55534, 55535, 55536, 55537, 55538, 55540, 55541, 55570, 55573, 55574, 55575, 55581, 55786, 55790, 55791]",おとこちゅうこやく
9,Otoko tsume,男つめ,Male,"[11417, 11418, 11436, 46559, 46561, 51080, 51081, 51082, 51083, 51084, 51500]",おとこつめ
10,Oni,鬼,Special,[nan],おに
11,Oniwaka,鬼若,Male,"[12013, 12016, 12017, 12069, 12070, 12190, 12453, 12454, 12759, 45370, 45870, 45872, 45874, 45876, 45880, 45882, 46223, 47786, 48838, 48840, 48841, 48843, 48844, 48846, 48847, 48850, 48851, 48852, 48853, 48854, 48855, 48856, 48857, 48858, 48862, 48864, 48865, 48866, 48867, 48868, 50958, 50959, 51562, 51642, 52013, 52222, 52456, 53510, 53511, 53512, 53513, 55299, 55300, 55301, 55302, 55827, 56434, 56897, 56898, 56900, 56905, 56907, 56912, 56913, 56914, 56915, 56917, 56918, 56919, 56920, 56921, 56922, 56923, 56925, 56926, 56927, 56928, 56929, 56930, 56931, 56934, 56938, 58070, 59612, 59788, 59789, 59790, 60479, 60542, 62071]",おにわか
12,Oniwaka chū koyaku,鬼若中子役,Children,[nan],おにわかちゅうこやく
13,Onoemon,斧右衛門,Male,"[11654, 11655, 12258, 12259, 45199, 45201, 45203, 45205, 45652, 45969, 46084, 47023, 47026, 47180, 47181, 47182, 47183, 47184, 47185, 47186, 47187, 47189, 47190, 47191, 48384, 48385, 48386, 49120, 49356, 49357, 49358, 51500, 54570, 54571, 54572, 54573, 54574, 55038, 55039, 55057, 55058, 55059, 55060, 55061, 55063, 55066, 55067, 55068, 55069, 55070, 55071, 55072, 55073, 55074, 55075, 55076, 55077, 56085, 56086, 56087, 56088, 56091, 56094, 56095, 56096, 56097, 56435, 57985, 58100, 58623, 58624, 58625, 58626, 58627, 58628, 58886, 58896, 58898, 58903, 58904, 58907, 58908, 58909, 58910, 58911, 58912, 58913, 58914, 58915, 58916, 60686, 60687, 60728, 61967]",おのえもん
14,Ofuku,お福,Female,"[9916, 9917, 9919, 9920, 10178, 10179, 10374, 10375, 10376, 10589, 10704, 10740, 11438, 11563, 11564, 11566, 11570, 11658, 12518, 12519, 12585, 12651, 45199, 45201, 45478, 45489, 45509, 45616, 45652, 45772, 46050, 46177, 46178, 46221, 46316, 46405, 46594, 46622, 47023, 47177, 47178, 47179, 47187, 47858, 47859, 47860, 47933, 47934, 47970, 47971, 48087, 48238, 48239, 48243, 48378, 48629, 49292, 49778, 49783, 49999, 50000, 50001, 50002, 50003, 50004, 50301, 50712, 50713, 50948, 50949, 50951, 50952, 50956, 50956, 51158, 51159, 51160, 51161, 51235, 51237, 51524, 51525, 51530, 51870, 51871, 51872, 51984, 51985, 51986, 51993, 52071, 52072, 52073, 52074, 52075, 52076, 52143, 52334, 52456, 52834, ...]",おふく
15,Onna koyaku,女子役,Children,"[9526, 9535, 9544, 9545, 10173, 10174, 10176, 10179, 10220, 10233, 10249, 10250, 10251, 10253, 10254, 10264, 10265, 10743, 10750, 10751, 10752, 10779, 10902, 10942, 11356, 11374, 11375, 11470, 11471, 11491, 11492, 11887, 11888, 11889, 11922, 11923, 11924, 11925, 11926, 11927, 12285, 12579, 12580, 12581, 12582, 12583, 12604, 12605, 12606, 12796, 12797, 12996, 12998, 12999, 13000, 13003, 13005, 13006, 13007, 13008, 45374, 45491, 45622, 45630, 45632, 45850, 45852, 45982, 46003, 46086, 46176, 46177, 46177, 46250, 46264, 46282, 46288, 46337, 46345, 46443, 46455, 46600, 47089, 47090, 47092, 47938, 47939, 48054, 48060, 48061, 48247, 48751, 48752, 48753, 48754, 49203, 49204, 49205, 49206, 49363, ...]",おんなこやく
16,Onna chū koyaku,女中子役,Children,[nan],おんなちゅうこやく
17,Onna tsume,女つめ,Female,"[8824, 8825, 8826, 46377, 46632, 50634, 51255]",おんなつめ
18,Kagekiyo,景清,Male,"[45646, 45648, 45650, 48211, 48212, 48213, 48214, 48215, 48216, 48217, 48218, 48219, 48220, 48224, 52828, 52829, 52833, 52835, 52839, 52840, 52846, 53163, 53164, 53166, 53167, 53168, 53169, 53170, 53173, 53175, 53176, 53190, 53191, 53192, 53193, 53194, 53195, 53196, 53198, 53199, 53200, 53201, 53202, 53203, 53204, 53206, 53207, 53208, 53210, 53213, 53214, 53215, 53216, 53217, 53218, 53219, 56053, 56433, 56437, 62111]",かげきよ
19,Gabu (kasane),累のガブ,Special,[nan],かさねのがぶ
20,Kani,かに,Male,"[8696, 8699, 8700, 8701, 8702, 9716, 9718, 9721, 9726, 9733, 45191, 45193, 45195, 45874, 46197, 46417, 47392, 47397, 47398, 47399, 47400, 47402, 47403, 47404, 48847, 48848, 49879, 49880, 50737, 50738, 51870, 51871, 51872, 53399, 53400, 56908, 56909, 56910, 58694, 58697, 58698, 58699, 58700, 58701, 58702, 58703, 58704, 58705, 58706, 58707, 58708, 58709, 58710, 58711, 58712, 58713, 58714, 58715, 58716, 58717, 58718, 58719, 58720, 58721, 60703, 60704, 60705, 60706, 60707]",かに
21,Gabu,ガブ,Special,"[44985, 56433, 56437]",がぶ
22,Kabocha,かぼちゃ,Special,[nan],かぼちゃ
23,Kamezasa,亀笹,Male,[nan],かめざさ
24,Karasu tengu,烏天狗,Special,[nan],からすてんぐ
25,Kawatarō,川太郎,Special,"[46072, 46074, 49333, 49334, 49335, 49336, 49337, 49338, 51648, 51649, 51650, 52325, 59421, 59828, 59852, 59860, 59864, 59865, 59869, 64544, 64575]",かわたろう
26,Kiichi,鬼一,Male,"[8972, 9040, 9041, 9043, 9367, 9370, 9371, 9372, 9373, 9374, 9375, 9376, 9377, 9378, 9380, 9384, 9385, 9391, 9392, 9393, 9394, 9395, 9396, 9397, 9398, 9399, 9400, 9401, 9404, 9791, 9792, 10028, 10029, 10045, 10046, 10047, 10049, 10085, 10086, 10087, 10088, 10090, 10092, 10096, 10128, 10325, 10335, 10336, 10338, 10347, 10349, 10993, 11009, 11021, 11078, 11079, 11093, 11102, 11137, 11167, 11172, 11233, 11234, 11235, 11236, 11238, 11242, 11245, 11274, 11280, 11281, 12729, 12731, 12732, 12758, 12809, 12830, 12831, 12832, 12833, 12836, 45443, 45534, 45564, 45565, 45660, 45701, 45811, 45892, 45894, 45896, 45898, 45912, 45914, 45916, 45918, 45921, 45922, 46133, 46143, ...]",きいち
27,Kijo,鬼女,Female,"[12191, 12192, 12193, 12194, 12196, 12197, 12198, 51563, 51564, 51565, 51566, 51569, 51570, 52305]",きじょ
28,Kitsune,狐,Special,[nan],きつね
29,Kintoki,金時,Male,"[8971, 9039, 9956, 9957, 9958, 9965, 9966, 9967, 11190, 11232, 11974, 11975, 11976, 11977, 11978, 11979, 11981, 12015, 12016, 12017, 12018, 12019, 12071, 12074, 12360, 13280, 44989, 45374, 45387, 45389, 45391, 45397, 45399, 45423, 45509, 45538, 45756, 46128, 46133, 46178, 47119, 47122, 47130, 47301, 47302, 47303, 47304, 47318, 47319, 47320, 47331, 47332, 47512, 47784, 47785, 47798, 47799, 47800, 48582, 48583, 48584, 49520, 49547, 49786, 51621, 51637, 51638, 51640, 51641, 51643, 51645, 52223, 52385, 52630, 53046, 53614, 53615, 53617, 53620, 53621, 53626, 53627, 53727, 53734, 56413, 56434, 56607, 56616, 56623, 56624, 56625, 56626, 56628, 56629, 56630, 56631, 56632, 56633, 56634, 56635, ...]",きんとき
30,Kuchiaki Bunshichi,口あき文七,Male,"[9349, 9353, 9359, 9794, 9795, 9879, 9880, 9881, 9882, 9883, 9886, 9888, 10285, 10286, 10287, 10288, 10289, 10290, 10291, 10293, 10304, 10327, 13205, 13206, 13207, 13210, 13211, 45965, 46143, 46209, 46211, 49115, 49116, 49591, 49721, 49743, 49744, 49748, 49749, 49945, 49946, 49947, 49948, 49949, 49950, 49958, 51441, 51442, 51443, 51444, 51445, 51453, 51454, 51455, 51456, 51874, 51875, 51876, 51877, 51878, 51879, 51892, 51893, 52248, 52332, 52333, 52385, 52415, 52416, 52418, 52419, 52433, 52438, 52439, 52440, 52441, 52442, 52827, 55181, 55183, 55184, 55185, 55186, 55187, 55188, 55190, 55191, 55192, 55193, 55194, 55195, 55196, 55198, 55199, 55200, 55201, 55203, 55206, 55209, 55210, ...]",くちあきぶんしち
31,Keisei,傾城,Female,"[8720, 8721, 8722, 8723, 8724, 8725, 8726, 8727, 8728, 8730, 8731, 8732, 8733, 8734, 8736, 8737, 8738, 8739, 8740, 8741, 8742, 8743, 8744, 8745, 8746, 8747, 8748, 8749, 8750, 8751, 8755, 8756, 8757, 8758, 8759, 8760, 8761, 8762, 8763, 8764, 8765, 8766, 8767, 9622, 9623, 9624, 9625, 9626, 9627, 9629, 9630, 9631, 9632, 9634, 9636, 9638, 9640, 9641, 9642, 9644, 9645, 9649, 9650, 9651, 9652, 9654, 9656, 9658, 9660, 9661, 9663, 9664, 9666, 9668, 9672, 9673, 45207, 45208, 45209, 45211, 45213, 45272, 45337, 45654, 45656, 45658, 45973, 45976, 46003, 46109, 46192, 46193, 47027, 47028, 47029, 47030, 47031, 47032, 47033, 47034, ...]",けいせい
32,Kēto,ケート,Special,[nan],けーと
33,Genta,源太,Male,"[8281, 8282, 8283, 8284, 8285, 8287, 8288, 8289, 8290, 8293, 8294, 8297, 8299, 8675, 8676, 8677, 8678, 8679, 8680, 8682, 8683, 8684, 8685, 8686, 8688, 8690, 8691, 8692, 8693, 8694, 8695, 8696, 8697, 8698, 8699, 8700, 8701, 8702, 8703, 8704, 8709, 8711, 8712, 8713, 8714, 8715, 8716, 8717, 8719, 8734, 8735, 8736, 8737, 8750, 8751, 8762, 8763, 8764, 8765, 8766, 8767, 8770, 8771, 8779, 8780, 8781, 8782, 8784, 8785, 8786, 8787, 8792, 8793, 8794, 8795, 8796, 8797, 8798, 8799, 8800, 8801, 8802, 8803, 8804, 8805, 8806, 8807, 8808, 8809, 8810, 8811, 8812, 8813, 8814, 8815, 8816, 8817, 8819, 8820, 8848, ...]",げんた
34,Genta (jidai),源太（時代）,Male,[nan],げんた（じだい）
35,Kenbishi,検非違使,Male,"[8281, 8282, 8283, 8284, 8285, 8287, 8289, 8296, 8298, 8305, 8306, 8307, 8308, 8310, 8311, 8313, 8315, 8316, 8317, 8324, 8325, 8326, 8327, 8328, 8329, 8330, 8332, 8335, 8336, 8647, 8649, 8650, 8651, 8652, 8654, 8655, 8657, 8663, 8783, 8801, 8802, 8803, 8804, 9089, 9090, 9091, 9092, 9094, 9095, 9097, 9098, 9099, 9101, 9102, 9103, 9124, 9127, 9128, 9130, 9131, 9132, 9135, 9136, 9137, 9203, 9204, 9207, 9208, 9209, 9213, 9214, 9216, 9217, 9218, 9219, 9250, 9365, 9366, 9379, 9389, 9397, 9398, 9399, 9407, 9408, 9409, 9410, 9411, 9413, 9435, 9436, 9439, 9440, 9450, 9451, 9452, 9457, 9458, 9460, 9461, ...]",けんびし
36,Kōmei,孔明,Male,"[9141, 9142, 9144, 9145, 9146, 9147, 9148, 9149, 9150, 9152, 9153, 9154, 9155, 9156, 9157, 9158, 9159, 9160, 9161, 9162, 9163, 9164, 9168, 9169, 9170, 9171, 9172, 9173, 9174, 9175, 9176, 9185, 9186, 9187, 9188, 9189, 9190, 9191, 9192, 9193, 9198, 9244, 9245, 9322, 9620, 9623, 9625, 9626, 9629, 9630, 9631, 9632, 9634, 9636, 9638, 9640, 9641, 9642, 9644, 9645, 9648, 9649, 9650, 9651, 9652, 9654, 9656, 9658, 9660, 9661, 9663, 9664, 9666, 9668, 9672, 9673, 9687, 10147, 10148, 10149, 10150, 10151, 10152, 10153, 10154, 10155, 10156, 10157, 10158, 10159, 10160, 10161, 10162, 10163, 10164, 10166, 10167, 10170, 10213, 10215, ...]",こうめい
37,Kodanshichi,小団七,Male,"[9777, 9778, 9903, 10283, 10284, 10292, 10293, 10361, 10362, 10363, 10364, 10365, 10366, 10367, 11103, 11139, 11140, 12200, 12203, 12204, 12205, 12212, 12213, 12228, 12472, 12473, 12474, 12475, 12476, 12484, 12485, 12486, 12487, 12488, 12882, 12883, 12884, 12885, 12886, 12887, 12892, 12893, 12894, 12895, 12896, 12897, 12898, 12899, 12900, 12901, 12902, 12903, 12953, 12959, 12960, 12962, 12963, 12964, 12965, 12966, 12967, 12968, 12969, 12970, 12971, 12972, 12973, 12976, 45176, 45178, 45180, 45550, 45884, 45886, 45997, 46208, 46209, 46218, 46219, 46220, 46545, 46975, 46976, 46978, 46980, 46982, 46983, 46984, 47219, 47220, 47221, 47222, 47223, 47224, 47225, 47226, 48021, 48022, 48024, 48986, ...]",こだんしち
38,Koneko,子猫,Special,[nan],こねこ
39,Konezumi,子ねずみ,Special,[nan],こねずみ
40,Konoha tengu,木の葉天狗,Special,[nan],このはてんぐ
41,Komusume,小娘,Female,"[11060, 11061, 11062, 46432, 46443, 50772, 50773, 50774, 50804]",こむすめ
42,Koyaku,子役,Children,"[13262, 45024, 45480, 45522, 45546, 45563, 45566, 45567, 45756, 45758, 47287, 47289, 47830, 47841, 47847, 47848, 48095, 48257, 48353, 48561, 48584, 48585, 48586, 48587, 52143, 52143, 52854, 52855, 52965, 53348, 53349, 53350, 53387, 53388, 53389, 53390, 53391, 53393, 53394, 53425, 53426, 53427, 53470, 53476, 53477, 53480, 53497, 53498, 53499, 53549, 53553, 53554, 53592, 53593, 53594, 53595, 53719, 56372, 56373, 56374, 56436, 56669, 58632, 58633, 58634, 58636, 58637, 60323, 62215, 62216, 62231, 62239]",こやく
43,Sagojō,沙悟浄,Special,"[12265, 12266, 12267, 12269, 12271, 12272, 12273, 12274, 12275, 12276, 12277, 12279, 12280, 12281, 12282, 12283, 12284, 51503, 51504, 51505, 52308]",さごじょう
44,Sasuke,佐助,Male,[nan],さすけ
45,Sadanoshin,定之進,Male,"[8340, 8341, 8347, 8353, 8362, 8364, 8365, 8367, 8382, 8383, 8409, 8411, 8412, 8415, 8416, 8417, 8421, 8423, 8424, 8425, 8434, 8450, 8452, 8453, 8464, 8862, 9439, 9440, 10292, 12247, 45130, 45135, 45530, 45624, 45632, 45780, 45781, 45783, 45785, 45892, 45898, 46099, 46123, 46125, 46126, 46207, 46208, 46233, 46288, 46289, 46423, 47522, 47528, 47922, 48041, 48042, 48043, 48058, 48059, 48339, 48651, 48652, 48654, 48655, 48656, 48657, 48662, 48663, 48664, 48665, 48666, 48879, 49011, 49013, 49014, 49015, 49040, 49041, 49043, 49044, 49398, 49399, 49400, 49494, 49498, 49499, 49506, 49507, 49508, 49509, 49940, 49941, 49942, 49943, 49944, 50061, 50062, 50392, 50393, 50394, ...]",さだのしん
46,Zatō,座頭,Male,[nan],ざとう
47,Saru,猿,Special,"[12244, 12245, 12246, 12310, 12311, 12312, 12313, 12314, 12315, 48366, 48367, 48368, 48369, 48370, 48373, 51799, 51800, 51801, 51802, 51803, 51804, 51805, 51806, 51807, 51822, 51824, 51825, 52378]",さる
48,Sanmaime,三枚目,Male,"[11087, 45652, 46423, 46425, 48384, 48385, 48386, 48387, 48388, 50757, 50760, 52979, 56431]",さんまいめ
49,Sanmaime (onna),三枚目（女）,Female,[nan],さんまいめ（おんな）
50,Jiji (sewa),爺（世話）,Male,"[45622, 45632, 48034]",じじ（せわ）
51,Jiji tsume,爺つめ,Male,[nan],じじつめ
52,Shitadashi,舌出し,Special,[nan],しただし
53,Shūto,舅,Male,"[11608, 11609, 11610, 11611, 11612, 11779, 11780, 11781, 11782, 11783, 11784, 11785, 11786, 11787, 11788, 11789, 11790, 11791, 11792, 11793, 11794, 11795, 11796, 11797, 11798, 11799, 11800, 11801, 11802, 11803, 11804, 11805, 11806, 11807, 11808, 11809, 11810, 11811, 11812, 11813, 11814, 11815, 11816, 11817, 11818, 11819, 11820, 11821, 11822, 11823, 11824, 11825, 11826, 11827, 11828, 11829, 11830, 11831, 11832, 11833, 11834, 11835, 11836, 11837, 11838, 11839, 11840, 11841, 11842, 11843, 11844, 11845, 11846, 11847, 11848, 11849, 12409, 12429, 45930, 46252, 46262, 46289, 46585, 46632, 51257, 51258, 52085, 52092, 52102, 52357, 52425, 52456, 52826, 56432]",しゅうと
54,Shūto (sewa),舅（世話）,Male,"[8831, 8840, 8841, 8843, 8847, 8858, 9791, 10231, 10237, 10239, 10240, 10242, 10257, 10739, 10742, 10744, 10746, 10749, 10803, 10830, 10834, 10900, 10930, 11059, 11361, 11362, 11386, 11387, 45557, 45559, 45626, 45846, 45848, 45850, 46176, 46339, 46438, 46440, 46443, 47856, 47857, 48044, 48046, 48047, 48060, 48061, 48128, 48133, 48240, 48242, 48743, 48745, 48746, 48748, 48749, 48750, 48753, 49043, 49773, 50158, 50159, 50216, 50400, 50546, 50792, 50793, 50803, 52284, 52380, 52383, 52449, 52450, 52846, 52848, 52849, 53234, 53236, 53237, 53238, 53239, 53271, 53289, 54087, 54089, 54105, 54108, 54110, 55258, 55259, 55260, 56854, 56855, 56856, 56858, 58851, 58853, 58857, 58858, 58859]",しゅうと（せわ）
55,Shūto no gabu,舅のガブ,Male,"[45520, 46204, 47997, 47998, 49917, 49918, 49919, 49920, 52340, 54281, 54282, 54283, 54284, 54285, 54286, 54287, 59206, 62028, 64537]",しゅうとのがぶ
56,Shutendōji,酒呑童子,Special,[nan],しゅてんどうじ
57,Shōki,鍾馗,Special,"[46587, 52178]",しょうき
58,Shōjō,丞相,Male,"[11441, 11446, 11447, 11448, 11450, 44999, 45000, 45278, 45280, 45282, 45306, 45314, 45331, 45720, 45722, 45724, 45728, 45729, 45730, 45732, 45734, 45738, 45742, 45744, 45746, 46563, 46565, 46567, 46571, 46573, 46575, 46577, 46579, 46581, 46589, 46591, 47573, 47649, 47650, 47651, 47652, 47654, 47655, 47656, 47657, 47658, 47659, 47660, 47661, 47664, 47665, 47666, 47668, 47669, 47674, 48477, 48478, 48479, 48480, 48481, 48482, 48483, 48487, 48488, 48489, 48490, 48491, 48492, 48502, 48503, 48504, 48505, 48507, 48508, 48509, 48510, 48511, 48512, 48513, 48517, 48518, 48519, 48520, 48521, 48522, 48523, 48524, 48531, 48546, 48547, 48548, 48549, 48550, 48551, 48552, 48553, 48554, 48555, 48556, 48557, ...]",しょうじょう
59,Shōnin,上人,Male,[nan],しょうにん
60,Shiratayū,白太夫,Male,"[10484, 10485, 10486, 11389, 11392, 11393, 11394, 11403, 11404, 11405, 11406, 11408, 11409, 11410, 11412, 11416, 11429, 11430, 11433, 13221, 13222, 13224, 13233, 13234, 13245, 13249, 13249, 13253, 13256, 13257, 13259, 13260, 13261, 45156, 45160, 45967, 45969, 46231, 46549, 46551, 46555, 46557, 47593, 47594, 47595, 47596, 47600, 47601, 47602, 47604, 49119, 49122, 50049, 50050, 51057, 51058, 51059, 51068, 51074, 52318, 52344, 52369, 54150, 54151, 54152, 54153, 54154, 54155, 54156, 54157, 54159, 54160, 54163, 54164, 54165, 54166, 54167, 54168, 57826, 57832, 57833, 57882, 57884, 57890, 57891, 57892, 58099, 58101, 58102, 58103, 58104, 58105, 58106, 58108, 58114, 58115, 58116, 58117, 58118, 58119, ...]",しらたゆう
62,Suzume,雀,Special,[nan],すずめ
63,Sen-ō no bōrei,先王の亡霊,Male,[nan],せんおうのぼうれい
64,Songokū,孫悟空,Special,"[12217, 12218, 12219, 12220, 12221, 12224, 12225, 12226, 12227, 12238, 12239, 12240, 12241, 12242, 12243, 12248, 12249, 12250, 12251, 12253, 12254, 12257, 12270, 12271, 12272, 12273, 12274, 12275, 12276, 12277, 12278, 12280, 12281, 12282, 12283, 12284, 12535, 12536, 12537, 12538, 12539, 12559, 12561, 51484, 51485, 51489, 51491, 51492, 51493, 51494, 51495, 51496, 51497, 51498, 51499, 51502, 51504, 51505, 51506, 51507, 51508, 51509, 51510, 51511, 51512, 51513, 51514, 51526, 51527, 51528, 51529, 51531, 51532, 51533, 51534, 51535, 51536, 51537, 51538, 51539, 51540, 51578, 51579, 51580, 52306, 52307, 52308]",そんごくう
65,Daikon,大根,Special,[52141],だいこん
66,Takeuji,武氏,Male,"[8382, 8383, 8444, 8445, 8446, 8447, 8448, 8450, 8451, 8452, 8453, 8455, 8464, 8524, 8525, 8532, 8533, 8534, 8535, 8541, 8542, 8545, 8547, 8548, 8557, 8558, 8559, 8563, 8564, 8565, 8566, 8567, 8568, 8569, 8570, 8571, 8572, 8647, 8648, 8661, 8662, 8663, 10795, 10812, 10911, 10912, 10921, 10923, 10928, 10929, 10931, 10933, 10944, 10946, 11364, 11367, 11369, 11370, 11371, 11372, 11373, 12112, 12113, 12123, 12126, 12127, 45050, 45455, 45530, 45890, 45892, 45894, 45896, 45898, 45930, 45932, 45949, 45953, 45955, 45957, 46084, 46086, 46103, 46105, 46107, 46115, 46125, 46253, 46254, 46255, 46256, 46339, 46341, 46343, 46345, 46379, 47923, 48309, 48704, 48705, ...]",たけうじ
67,Tanuki,狸,Special,"[51646, 51647, 51649, 51650, 51651, 51658, 51659, 51660, 51661, 51662, 52325, 59429, 59430, 59431, 59432, 59433, 59434, 59438, 59449, 59828, 59833, 59839, 59840, 59851, 59853, 59859, 59870, 61201, 64545, 64575, 64576]",たぬき
68,Tamamonomae,玉藻前,Female,"[12363, 12364, 12367, 12369, 12370, 12371, 12386, 12387, 12388, 51424, 51437, 51438, 51439, 51440, 51441, 51442, 51443, 51444, 51445, 51446, 51447, 51448, 51449, 51450, 51451, 51452, 51847, 51848, 51851, 51862, 51863, 51880, 51881, 51882, 51883, 51884, 52374, 52379, 61786]",たまものまえ
69,Tameyoshi,為義,Male,[nan],ためよし
70,Darasuke,陀羅助,Male,"[8830, 8842, 9098, 9099, 9101, 9102, 9103, 9352, 9519, 9520, 9523, 9524, 9525, 9526, 9527, 9535, 9539, 9540, 9541, 9542, 9543, 9544, 9545, 9546, 10214, 10215, 10216, 10217, 10218, 10265, 10570, 10571, 10572, 10573, 10651, 10652, 10654, 10680, 10682, 10712, 10713, 10714, 10934, 10935, 11038, 11058, 11292, 11294, 11295, 11297, 11309, 11317, 11318, 11319, 11320, 11322, 11323, 11324, 11325, 11326, 11327, 11376, 11420, 11422, 11460, 11461, 11462, 11463, 11467, 11468, 11469, 11484, 11487, 11488, 11493, 11494, 11495, 11498, 11499, 11500, 11501, 11503, 11511, 11512, 11567, 11571, 11572, 11573, 11574, 11575, 11576, 11577, 11578, 11890, 11893, 11894, 11916, 11927, 11928, 11929, ...]",だらすけ
71,Darasuke (jidai),陀羅助（時代）,Male,"[9707, 9709, 9712, 13135, 13139, 13141, 13143, 13144, 13145, 13148, 13149, 13150, 13151, 13152, 13163, 13164, 13165, 13166, 13167, 13168, 13170, 13171, 13172, 13173, 13186, 46195, 49871, 52315, 55084, 55085, 60517, 60523, 60524, 60525, 60526, 60527, 60528, 60562, 60563, 60564, 60565, 60566, 60567, 60568, 60569, 60570, 60571, 60572, 60573, 60576, 60578, 60579, 60580]",だらすけ（じだい）
72,Danbatake no hyakushō,段畑の百姓,Special,[nan],だんばたけのひゃくしょう
73,Chū koyaku,中子役,Children,"[53404, 53410, 53430, 53431, 53433, 53447, 53448, 53449, 53456, 53457, 53458, 53459, 53460, 53461, 53462, 53463, 53464, 53465, 53466, 53467, 62002, 62003]",ちゅうこやく
74,Chohakkai,猪八戒,Special,"[12260, 12261, 12262, 12263, 12264, 12268, 12271, 12272, 12273, 12274, 12275, 12276, 12277, 12279, 12280, 12281, 12282, 12283, 12284, 12562, 12563, 12564, 12565, 12566, 51486, 51487, 51488, 51489, 51501, 51502, 51505, 51506, 51507, 51508, 52308]",ちょはっかい
76,Gabu (tsunonashi),角なしのガブ,Special,"[12320, 12352, 12353, 12356, 51831, 51834]",つのなしのがぶ
77,Tsume,つめ,Male,"[8281, 8282, 8283, 8284, 8285, 8287, 8289, 8362, 8368, 8451, 8520, 8522, 8523, 8647, 8650, 8665, 9367, 9368, 9369, 9371, 9764, 9765, 9766, 9876, 9877, 9879, 9882, 9883, 9898, 9899, 9900, 9901, 9911, 9913, 9923, 9924, 9925, 9926, 9928, 9929, 9930, 9954, 9955, 9956, 9957, 9958, 9963, 9968, 9970, 9974, 9976, 9977, 9982, 9987, 9993, 10001, 10062, 10068, 10069, 10070, 10074, 10075, 10076, 10082, 10083, 10084, 10087, 10088, 10090, 10091, 10092, 10093, 10094, 10095, 10096, 10101, 10102, 10103, 10133, 10134, 10294, 10299, 10777, 10778, 10781, 10796, 11008, 11011, 11017, 11079, 11091, 11131, 11132, 11133, 11134, 11164, 11165, 11166, 11169, 11170, ...]",つめ
78,Tsurifune,釣船,Male,"[9753, 9754, 9755, 9756, 9757, 9988, 9989, 9992, 10062, 10068, 10069, 10070, 10984, 12357, 45516, 47989, 49347, 49887, 50597, 54230, 54259, 54260, 54261, 54263, 54264, 59148, 59150, 59151, 59152, 59156, 59157, 59158, 59159, 59161, 59162, 59164, 59166, 59167, 59171, 59173]",つりふね
79,Tedai,手代,Male,"[8342, 8345, 8346, 8347, 8359, 8360, 8361, 8368, 8369, 8370, 8371, 8372, 8373, 9414, 9415, 9416, 9417, 9418, 9419, 9420, 9421, 9422, 9429, 9430, 9431, 9432, 9433, 9434, 9437, 9438, 9439, 9440, 9441, 9442, 9443, 9444, 9453, 9454, 9457, 9458, 9459, 10265, 10469, 10470, 10476, 10477, 10478, 10479, 10499, 10500, 10501, 10502, 10503, 10504, 10653, 11420, 11421, 11422, 11431, 11432, 11433, 12479, 12480, 12481, 12482, 45132, 45133, 45135, 45137, 45147, 45149, 45814, 45816, 46122, 46144, 46145, 46233, 46234, 46235, 46242, 46274, 46275, 46543, 46575, 46940, 46941, 46943, 46944, 47037, 47038, 47523, 47525, 47527, 47528, 47530, 47531, 47912, 47915, 47916, 48138, ...]",てだい
80,Decchi,丁稚,Male,"[9423, 9424, 9425, 9426, 9427, 9428, 9442, 9443, 9444, 9445, 9446, 9447, 9448, 9449, 9450, 9451, 9452, 9453, 9454, 9455, 9457, 9458, 9459, 9814, 9821, 10261, 10262, 10263, 10265, 10701, 10706, 10707, 10738, 10740, 10754, 10757, 10804, 10805, 11568, 11569, 13262, 44985, 45135, 45137, 45147, 45149, 45276, 45622, 45652, 45748, 45838, 45852, 46145, 46264, 46273, 46296, 46944, 47234, 47235, 47236, 47530, 47531, 47909, 47911, 47914, 47915, 47916, 48030, 48034, 48191, 48378, 48678, 48679, 48681, 48682, 48759, 48763, 48764, 48827, 49601, 49602, 49604, 50222, 50242, 50449, 52687, 52688, 52689, 53220, 53221, 53225, 53714, 53719, 53734, 53735, 53778, 53779, 53786, 53787, 53788, ...]",でっち
81,Toraō,虎王,Male,"[9761, 12712, 12713, 12714, 12716, 12717, 12719, 13140, 13141, 13153, 13154, 13183, 13184, 45166, 45168, 45518, 45520, 46080, 46198, 46199, 46200, 46201, 46202, 46203, 46473, 46997, 46998, 47992, 47995, 47996, 48714, 49348, 49349, 49894, 49895, 49896, 49897, 49898, 49899, 49900, 49901, 49902, 49906, 49907, 49908, 49909, 49910, 49911, 49912, 49913, 49914, 49915, 50877, 52079, 54244, 54245, 54246, 54272, 54273, 54274, 54275, 54276, 54278, 54279, 54439, 54624, 54645, 54646, 54648, 54649, 54650, 54653, 54654, 54655, 54657, 54658, 54666, 54668, 54672, 54674, 54676, 54735, 54736, 54737, 54738, 54739, 56147, 56170, 57668, 57669, 57670, 57671, 57672, 57682, 57683, 57684, 57685, 57686, 57687, 57688, ...]",とらおう
82,Nashiwari,梨割り,Special,"[8478, 8479, 8480, 12530, 12531, 55004, 55008, 59436, 64452, 64453]",なしわり
83,Nichiren,日蓮,Male,[nan],にちれん
84,Neko,猫,Special,[nan],ねこ
85,Nezumi,ねずみ,Special,[nan],ねずみ
86,Nemuri no musume,ねむりの娘,Female,"[8827, 8828, 8829, 8830, 8832, 8833, 8834, 8836, 8837, 8838, 8839, 8841, 8847, 8855, 8856, 8857, 8866, 8867, 8868, 8871, 8872, 8873, 8874, 8876, 8877, 8878, 8879, 8880, 8881, 8882, 8890, 8891, 8892, 8893, 8894, 8895, 8896, 8897, 8898, 8899, 8900, 8901, 8902, 8903, 8904, 8905, 8908, 8909, 8910, 8912, 8913, 8914, 8915, 8916, 8917, 8920, 8921, 8922, 8923, 8924, 8925, 8926, 8927, 8928, 8929, 8930, 8931, 8932, 8933, 8934, 8935, 8936, 8937, 8938, 8939, 8940, 8941, 8942, 8943, 8944, 8945, 8946, 8947, 8948, 8949, 8950, 8951, 8952, 8953, 8955, 8959, 8960, 10797, 10800, 10801, 10802, 10807, 10808, 10809, 10810, ...]",ねむりのむすめ
87,Hagataki,端敵,Male,"[8350, 8351, 8353, 8354, 8357, 8358, 8359, 8360, 8361, 8362, 8363, 8368, 8465, 8471, 8472, 8473, 8474, 8475, 8476, 8590, 8593, 8594, 8595, 8596, 8597, 8599, 8600, 8601, 8602, 8603, 8606, 8608, 8609, 8610, 8612, 8613, 8614, 8615, 8616, 8617, 8618, 8619, 8620, 8624, 8625, 8626, 8627, 8630, 8633, 8634, 8635, 9251, 9252, 9271, 9272, 9685, 9686, 9687, 9693, 9753, 9754, 9755, 9797, 9798, 9800, 9801, 9803, 9804, 9806, 9807, 9810, 9813, 9814, 10172, 10173, 10200, 10212, 10213, 10215, 10216, 10217, 10218, 10219, 10304, 10305, 10317, 10369, 11168, 11176, 11177, 11360, 11557, 11576, 11580, 11605, 12147, 12148, 12400, 13012, 45170, ...]",はがたき
88,Bakuya,莫耶,Female,"[12540, 12555, 12556, 12557, 12558, 12560, 51483, 51544, 51545, 58296, 58297, 58434, 58435, 58441, 58442, 58453, 58454, 58455, 58456, 58457, 58458, 58463, 58465, 58466, 58468, 58490, 58491, 58492, 58493, 58496, 58498, 58499, 58501, 58511, 58512, 58513, 58514, 58515, 58516, 58517, 58518, 58519, 58520, 58521, 58525, 58535, 58536, 58537, 58538, 58540, 58541, 58542, 58543, 58544, 58545, 58546, 58548, 58549, 58550, 58551, 58552, 58553, 58555, 58556, 58557, 58558, 58559, 58560]",ばくや
89,Hanaugoki,鼻動き,Special,"[10908, 10909, 10936, 11169, 11170, 11176, 11177, 11178, 11524, 11525, 11526, 11529, 11530, 11531, 11532, 12014, 12542, 12543, 13179, 13180, 13181, 13182, 46339, 46341, 46543, 46658, 50552, 51038, 51120, 51322, 51541, 51639, 58319, 58320, 58321, 58322, 58330, 58331, 58332, 58333, 58334, 58335, 59863, 60517, 60532, 60693, 62032, 64485]",はなうごき
90,Baba,婆,Female,"[8673, 8674, 8676, 8681, 8688, 8689, 8694, 8695, 8698, 8707, 8710, 8759, 8763, 8765, 9051, 10401, 10412, 10414, 10416, 10417, 10418, 10436, 10437, 10448, 10449, 10450, 10721, 10722, 10853, 10918, 10919, 10924, 10931, 10933, 10944, 10945, 10946, 10969, 10970, 10971, 10975, 10977, 10999, 11002, 11003, 11013, 11019, 11081, 11082, 11083, 11085, 11372, 11373, 11402, 11407, 11408, 11459, 11464, 11917, 11953, 11954, 11955, 11956, 11989, 11990, 11991, 11992, 11993, 11995, 11997, 11998, 12020, 12025, 12029, 12033, 12049, 12050, 12051, 12052, 12053, 12105, 12127, 12128, 12129, 12130, 12157, 12158, 12159, 12164, 12165, 12166, 12167, 12170, 12171, 12172, 12173, 12286, 12287, 12408, 12429, ...]",ばば
91,Baba (jidai),婆（時代）,Female,"[10028, 10029, 10045, 10047, 10048, 10050, 10052, 10054, 10057, 10067, 10068, 10069, 10070, 10074, 10077, 10078, 10080, 10081, 10082, 10083, 10085, 10097, 10106, 10107, 10108, 10109, 10110, 10113, 10130, 10131, 10133, 10134, 10137, 10138, 10158, 10167, 10168, 10169, 10170, 44985, 45276, 45542, 46062, 46175, 46182, 46184, 46185, 46187, 47805, 47807, 49765, 49802, 49803, 49804, 49810, 49813, 49814, 49817, 49818, 49819, 49822, 49823, 52603, 53411, 53416, 53417, 53419, 53421, 53422, 53423, 53427, 53428, 53438, 53447, 53455, 53457, 53458, 53462, 53463, 53464, 53465, 53466, 53467, 53558, 53634, 53635, 53636, 53637, 53640, 53641, 53644, 53647, 53648, 53649, 53657, 59648, 59650, 59653, 59658, 59672, ...]",ばば（じだい）
92,Baba (sewa),婆（世話）,Female,"[10220, 10233, 52437, 52826, 52849, 53579, 60691, 60694]",ばば（せわ）
93,Baba tsume,婆つめ,Female,[64476],ばばつめ
94,Hayaku,端役,Female,"[8446, 8447, 8774, 9625, 9626, 9630, 9641, 9651, 9753, 9754, 9755, 9756, 9757, 9797, 9799, 9801, 9802, 9804, 9805, 9806, 9807, 9809, 9812, 9815, 10215, 10216, 10219, 10514, 10515, 10516, 10519, 10904, 10905, 10906, 11296, 11309, 11317, 11318, 11368, 11426, 11457, 11472, 11513, 11524, 11525, 11526, 11529, 11530, 11531, 11532, 11548, 11563, 11575, 11576, 11577, 11581, 11902, 12350, 12521, 12522, 12523, 12524, 13115, 13116, 13127, 13128, 13129, 13130, 13132, 45482, 45540, 45607, 45698, 45852, 45853, 45890, 45916, 45932, 45999, 46167, 46167, 46175, 46253, 46254, 46265, 46271, 46311, 46314, 46317, 47803, 47856, 47857, 47941, 48126, 48138, 48139, 48191, 48242, 48757, 48758, ...]",はやく
95,Bannai,伴内,Male,"[45164, 45168, 45532, 46992, 46994, 46995, 46996, 47000, 47001, 47002, 47750, 47751, 54357, 54358, 54360, 54361, 54363, 54371, 54372, 54374, 54375, 54376, 54423, 54424, 54429, 54430, 54628, 54629, 54657, 54658, 54666, 54667, 54988, 54989, 54990, 54991, 54992, 56146, 56152, 56153, 56159, 56160, 56161, 56162, 56164, 56167, 56168, 56169, 56171, 56173, 56174, 56175, 56177, 56178, 56179, 56180, 56181, 56182, 56183, 56185]",ばんない
96,Hannya,般若,Special,"[51493, 51494, 51495, 51496, 51497, 51498, 51499, 64476]",はんにゃ
97,Hitotsume,一つ目,Special,[nan],ひとつめ
98,Hinin,非人,Male,"[47758, 47759, 55081, 55082, 55086, 55087, 55088, 55089, 55090, 55091, 55092, 55093, 55094, 55095, 55096, 55099, 55100, 55101, 64471]",ひにん
99,Hyakushō,百姓,Male,[nan],ひゃくしょう
100,Hiyoshimaru (Oniwaka),日吉丸（鬼若）,Male,[nan],ひよしまる（おにわか）
101,Pinkāton,ピンカートン,Special,[nan],ぴんかーとん
102,Fukurokuju,福禄寿,Special,"[45607, 45923, 46101, 50812, 50813, 51229, 51233]",ふくろくじゅ
103,Fukeoyama,老女形,Female,"[8300, 8301, 8303, 8304, 8305, 8306, 8308, 8309, 8310, 8311, 8312, 8313, 8314, 8315, 8318, 8319, 8320, 8321, 8322, 8324, 8325, 8326, 8327, 8328, 8329, 8330, 8331, 8333, 8334, 8335, 8336, 8340, 8348, 8349, 8352, 8355, 8356, 8357, 8358, 8365, 8367, 8379, 8380, 8382, 8383, 8384, 8385, 8392, 8393, 8394, 8395, 8398, 8399, 8400, 8401, 8405, 8406, 8407, 8408, 8410, 8411, 8412, 8413, 8414, 8418, 8420, 8421, 8422, 8423, 8424, 8425, 8426, 8427, 8429, 8430, 8431, 8432, 8433, 8434, 8435, 8436, 8438, 8441, 8442, 8443, 8444, 8445, 8446, 8447, 8448, 8449, 8450, 8451, 8452, 8453, 8454, 8455, 8456, 8457, 8463, ...]",ふけおやま
104,Fukehayaku,老端役,Female,[nan],ふけはやく
105,Futaomote,両面,Special,"[52374, 52379]",ふたおもて
106,Bunshichi,文七,Male,"[8281, 8282, 8283, 8286, 8289, 8298, 8523, 8527, 8528, 8529, 8530, 8531, 8533, 8534, 8535, 8536, 8560, 8561, 8562, 8568, 8571, 8572, 8573, 8574, 8575, 8576, 8577, 8578, 8579, 8580, 8581, 8585, 8586, 8587, 8593, 8594, 8595, 8596, 8597, 8601, 8602, 8603, 8604, 8605, 8606, 8607, 8609, 8610, 8611, 8612, 8613, 8614, 8617, 8620, 8621, 8622, 8623, 8624, 8625, 8626, 8627, 8628, 8629, 8630, 8631, 8632, 8633, 8634, 8635, 8636, 8637, 8638, 8639, 8640, 8641, 8642, 8643, 8644, 8645, 8646, 8647, 8648, 8650, 8653, 8656, 8658, 8659, 8973, 8974, 8975, 8976, 8977, 8978, 8979, 8980, 8981, 8982, 8983, 8984, 8985, ...]",ぶんしち
107,Masamune,正宗,Male,"[9052, 9526, 10172, 10173, 10174, 10175, 10178, 10200, 10202, 10203, 10208, 10209, 10210, 10356, 10357, 10358, 10359, 10360, 10361, 10362, 10363, 10364, 10365, 10366, 10367, 10380, 10381, 10382, 10383, 10384, 10385, 10386, 10396, 10412, 10435, 10436, 10437, 10439, 10447, 12904, 12905, 12957, 12964, 12965, 12972, 12973, 45553, 45616, 45618, 45624, 45878, 45971, 45978, 46005, 46007, 46080, 46177, 46178, 46218, 46219, 46220, 46222, 46223, 46227, 46229, 46236, 46237, 46238, 46239, 46240, 47972, 47979, 47980, 47982, 47983, 48859, 48860, 49146, 49207, 49208, 49209, 49210, 49211, 49215, 49216, 49777, 49778, 49985, 49986, 49987, 49988, 49989, 49993, 49994, 50006, 50007, 50008, 50013, 50014, 50029, ...]",まさむね
108,Matahei,又平,Male,"[8720, 9815, 9816, 9817, 9818, 9819, 10806, 11171, 11172, 11173, 11174, 11179, 11180, 11181, 11182, 12287, 12288, 12291, 12292, 12293, 12294, 12301, 12302, 12304, 12312, 12313, 13085, 13087, 13091, 13101, 13103, 13104, 13158, 13159, 45115, 45164, 45166, 45168, 45522, 45524, 45650, 45805, 46086, 46168, 46188, 46189, 46190, 46191, 46523, 46658, 46997, 46998, 46999, 47004, 47005, 47667, 48221, 48222, 48361, 48363, 48366, 48367, 48369, 48370, 48373, 48709, 49367, 49730, 49827, 49828, 49829, 49833, 49834, 49835, 49836, 49837, 49838, 49839, 49840, 49841, 49842, 49843, 49844, 49845, 49846, 49847, 49848, 50992, 51323, 51795, 51796, 51799, 51800, 51801, 51802, 51803, 51804, 51805, 51806, 51807, ...]",またへい
109,Mitsume,三つ目,Special,[nan],みつめ
110,Myōrin,妙林,Female,"[45882, 48868, 48869, 49049, 56932, 56933, 56935]",みょうりん
111,Musume,娘,Female,"[8300, 8302, 8306, 8314, 8324, 8327, 8340, 8365, 8366, 8367, 8379, 8380, 8381, 8384, 8386, 8387, 8388, 8389, 8390, 8391, 8396, 8397, 8399, 8400, 8401, 8402, 8403, 8404, 8407, 8408, 8410, 8411, 8412, 8413, 8414, 8418, 8419, 8420, 8421, 8422, 8423, 8424, 8425, 8426, 8427, 8428, 8429, 8430, 8431, 8432, 8433, 8434, 8435, 8438, 8439, 8440, 8441, 8442, 8443, 8449, 8450, 8452, 8453, 8454, 8456, 8457, 8463, 8464, 8466, 8467, 8478, 8479, 8480, 8482, 8484, 8486, 8487, 8488, 8489, 8490, 8491, 8492, 8493, 8494, 8495, 8496, 8497, 8498, 8499, 8500, 8501, 8502, 8503, 8504, 8505, 8506, 8507, 8508, 8509, 8510, ...]",むすめ
112,Yashio,八汐,Female,"[12389, 12394, 12395, 12396, 12397, 12398, 45538, 45540, 47800, 47801, 52078, 52079, 52080, 52334, 52335, 52338, 52385, 53597, 53598, 53599, 53601, 53619, 53620, 53621, 53623, 53624, 53629, 57027, 57028, 57034, 57035, 57036, 57037, 57038, 57039, 57040, 57041, 57042, 57043, 57044, 57045, 57048, 57049, 57050, 57051, 57052, 57053, 57054, 57056, 57057, 57154, 57156, 57157, 57159, 57160, 57161, 57162, 57163, 57164, 57165, 57166, 57167, 57168, 57169, 57170, 57171, 57173, 57174, 57177, 57194, 57195, 57196, 57197, 57198, 57199, 57200, 61250, 61556, 61557, 61588, 61615, 61796, 61892, 64476]",やしお
113,Yamachichi,山父,Male,[nan],やまちち
114,Yūgao,夕顔,Female,[nan],ゆうがお
115,Yūsen,祐仙,Male,"[12034, 12035, 12036, 12228, 12229, 45166, 45532, 45807, 46005, 46007, 47000, 47001, 47002, 47003, 47752, 47753, 48714, 49210, 49211, 49212, 49213, 49214, 49215, 49216, 51516, 51517, 51524, 51525, 51526, 51906, 52345, 52444, 52445, 52446, 52447, 54994, 54996, 54998, 55000, 56151, 56152, 56154, 56155, 56156, 56157, 56158, 56159, 56160, 56161, 56172, 56173, 56176, 56177, 56178, 56179, 56180, 57492, 58319, 58322, 58330, 58331, 58332, 58333, 58334, 58335, 58336, 59913, 59916, 59917, 59918, 59919, 59920, 59921, 59922, 59923, 59927, 59928, 59935, 59936, 59937, 59938, 59939, 59940, 59942, 59943, 60124, 60125, 60146, 60147, 60148, 61950]",ゆうせん
116,Yokanbei,与勘平,Male,"[9228, 9229, 9230, 9291, 9292, 9293, 9350, 9351, 9357, 9358, 9411, 9412, 9623, 9641, 9648, 9958, 9969, 9970, 9974, 9976, 9977, 9982, 9983, 10389, 10396, 10398, 11357, 11359, 11360, 11361, 12372, 12373, 12374, 12375, 12390, 12391, 12392, 12455, 12456, 12457, 12458, 12459, 12460, 12461, 12462, 12463, 12464, 12465, 12466, 12467, 12468, 12469, 12470, 12471, 12704, 12709, 13045, 13047, 13111, 45559, 45559, 45618, 46082, 46143, 46337, 47979, 48136, 49350, 49351, 49589, 49590, 50156, 50157, 50544, 51717, 51718, 51719, 51722, 51723, 51849, 51852, 51854, 52013, 52021, 52022, 52023, 52024, 52025, 52026, 52027, 52028, 52029, 52030, 52082, 52084, 52320, 52337, 52379, 52893, 53354, ...]",よかんべい
117,Yokanbei (jidai),与勘平（時代）,Male,[nan],よかんべい（じだい）
118,Wakaotoko,若男,Male,"[8860, 8869, 8870, 8907, 9249, 9381, 9382, 9383, 9386, 9387, 9388, 9389, 9390, 9397, 9398, 9399, 9402, 9403, 9405, 9406, 9413, 10144, 10145, 10146, 10147, 10148, 10149, 10150, 10151, 10152, 10153, 10154, 10155, 10156, 10157, 10158, 10159, 10160, 10161, 10162, 10163, 10164, 10166, 10167, 10378, 10379, 10388, 10392, 10395, 10425, 10426, 10428, 10429, 10430, 10451, 10452, 10453, 10454, 10455, 10457, 10458, 10459, 10460, 10461, 10462, 10463, 10464, 10465, 10466, 10467, 10468, 10469, 10470, 10473, 10478, 10480, 10482, 10484, 10485, 10486, 10490, 10505, 10506, 10507, 10508, 10860, 10861, 10862, 10896, 11035, 11036, 11037, 11055, 11108, 11109, 11110, 11111, 11112, 11113, 11115, ...]",わかおとこ
119,Warubaba,悪婆,Female,"[8861, 8862, 8864, 8865, 8869, 8870, 8871, 9429, 9430, 9431, 9439, 9440, 9444, 9456, 9457, 9458, 9796, 10792, 10793, 10813, 10835, 10836, 10837, 10838, 11652, 11653, 11656, 11665, 45130, 45132, 45133, 45135, 45147, 45149, 46139, 46145, 46168, 46169, 46379, 46381, 46638, 46941, 47036, 47037, 47038, 47066, 47067, 47520, 47521, 47522, 47523, 47525, 47527, 47528, 47530, 47533, 47534, 47912, 49578, 49603, 49604, 49731, 49735, 50642, 50643, 50644, 50645, 50646, 51273, 53151, 53155, 53157, 53793, 53794, 53795, 53807, 53843, 53844, 55587, 55592, 55607, 55639, 55790, 55791, 56186, 56187, 56188, 56189, 56191, 56195, 56198, 56451, 61116, 62104, 62217]",わるばば
120,Warubaba (sewa),悪婆（世話）,Female,[nan],わるばば（せわ）
122,Genta (nemuri tsuki),源太眠りつき,Male,"[12705, 12706, 12707, 12708, 12710, 12711, 12806, 46471, 50872, 50873, 50874, 50875, 50876]",げんた（ねむり）
124,Shinzō,新造,Female,[nan],しんぞう
125,Hanamuke,はなむけ,Male,[nan],はなむけ
126,Sanmaime (kani),三枚目（かに）,Male,[nan],さんまいめ（かに）
127,Genta (Ugokinashi ),源太（動きなし）,Male,[nan],げんた（うごきなし）
128,Sanmaime (tedai),三枚目（手代）,Male,"[53093, 53096, 53097, 53098, 53101, 53103, 53104, 53118, 53119, 53121, 53122, 53135, 53136, 62097, 62098, 64431]",さんまいめ（てだい）
129,Mimi ugoki no Kōmei,耳動きの孔明,Male,[nan],みみうごきのこうめい
130,Gabu (tsunodashi),角出しのガブ,Special,"[9734, 9735, 9736, 9737, 9738, 9739, 9745, 9746, 9747, 9750, 9751, 9752, 12231, 12232, 12233, 12234, 12235, 12252, 12253, 12255, 12256, 12257, 12541, 12543, 12544, 12548, 12549, 12550, 12560, 12567, 12568, 44985, 45274, 45276, 46197, 46198, 47227, 47228, 47229, 47230, 47231, 47232, 49882, 49883, 49884, 49885, 50962, 51482, 51490, 51519, 51520, 51521, 51522, 51541, 51543, 51544, 51545, 52307, 52339, 56011, 56012, 56013, 56014, 56015, 56016, 56017, 56018, 56019, 56020, 56021, 56022, 56023, 60695]",つのだしのがぶ
131,Sanmaime (Yūsen),三枚目（祐仙）,Male,[nan],さんまいめ（ゆうせん）
132,Sanmaime (Bannai),三枚目（伴内）,Male,[nan],さんまいめ（ばんない）
133,Gaijin,外人,Special,"[56428, 56429]",がいじん
75,,,,[45274],
