id,dates,place,label_eng,image_id,performance_id,play_id
1,1964/11/n.d.-1964/11/n.d.,not recorded,November 1964,[nan],"[2, 3, 4, 5, 6, 7, 8]",86
2,1968/02/25-1968/03/10,National Theatre of Japan,February 1968,[nan],"[12, 13, 14, 15, 16, 17]",83
3,1968/10/27-1968/11/10,National Theatre of Japan,October 1968,[nan],"[9, 10, 11]",30
4,1969/05/11-1969/05/25,National Theatre of Japan,May 1969,[nan],"[18, 19, 20]",72
5,1969/09/14-1969/09/21,National Theatre of Japan,September 1969,[nan],"[21, 22, 23]",90
6,1969/10/26-1969/11/09,National Theatre of Japan,October 1969,[nan],[24],27
7,1970/02/08-1970/02/22,National Theatre of Japan,February 1970,[nan],"[25, 26]",26
8,1970/04/03-1970/04/19,Asahiza,April 1970,[nan],"[27, 980]",62
9,1070/05/24-1970/06/07,National Theatre of Japan,May 1970,[nan],"[28, 981]",62
10,1970/07/07-1970/07/26,Asahiza,July 1970,[nan],"[29, 30]",3
11,1970/08/01-1970/08/05,Others,August 1970 Tour,[nan],"[292, 293]",109
12,1970/09/13-1970/09/20,National Theatre of Japan,September 1970,[nan],[31],73
13,1970/10/11-1970/10/25,Asahiza,October 1970,[nan],"[32, 33, 34, 35]",92
14,1970/11/08-1970/11/22,National Theatre of Japan,November 1970,[nan],"[36, 37]",37
15,1971/02/07-1971/02/21,National Theatre of Japan,February 1971,[nan],"[38, 39, 40]",94
16,1871/04/10-1971/04/25,Asahiza,April 1971,[nan],"[41, 42, 43, 44]",79
17,1971/05/23-1971/06/06,National Theatre of Japan,May 1971,[nan],"[45, 46]",19
18,1971/07/07-1971/07/30,Asahiza,July 1971,[nan],"[47, 48, 49, 50]",61
19,1971/09/12-1971/09/19,National Theatre of Japan,September 1971,[nan],"[51, 52, 53]",72
20,1971/10/10-1971/10/24,Asahiza,October 1971,"[45025, 46774, 48258, 48259, 48260, 48261, 48262, 62117, 62118, 62119, 62120, 62121, 62122, 62123, 62124, 62125, 62126, 62127, 62128]","[54, 55, 56, 57, 58, 707]",5
21,1971/11/14-1971/11/28,National Theatre of Japan,November 1971,[45675],"[59, 60, 61, 62, 698]",92
22,1972/01/02-1972/01/21,Asahiza,January 1972,[nan],"[63, 64, 65, 66, 67, 68]",60
23,1972/02/06-1972/02/20,National Theatre of Japan,February 1972,"[45013, 45478, 45480, 45481, 45482, 45581, 46752, 47932, 47933, 47934, 47935, 47936, 47937, 47938, 47939, 47940, 47941, 47942, 47943, 47944, 47945, 47946, 47947, 47948, 47949, 47963, 47964, 52850, 52851, 52852, 52853, 52854, 52855, 52856, 52857, 52858, 52859, 52860, 52861, 52862, 52863, 52864, 52865, 52866, 52867, 52868, 52869, 52870, 52871, 52872, 52873, 52874, 52875, 52876, 52877, 52878, 52995, 64426]","[69, 70, 71]",38
24,1972/04/15-1972/04/27,Asahiza,April 1972,[nan],"[72, 73, 74, 75, 76]",29
25,1972/05/14-1972/05/28,National Theatre of Japan,May 1972,[nan],[77],73
26,1972/07/16-1972/07/27,Asahiza,July 1972,[nan],"[78, 79, 80, 81, 82]",57
27,1972/09/10-1972/09/24,National Theatre of Japan,September 1972,[nan],"[83, 84, 85, 86]",45
29,1972/10/07-1972/10/22,Asahiza,October 1972,[nan],[88],63
30,1972/11/12-1972/11/19,National Theatre of Japan,November 1972,[nan],"[89, 90, 91]",16
31,1973/01/02-1973/01/23,Asahiza,January 1973,[nan],"[109, 110, 111, 112, 113, 718]",100
32,1973/02/n.d.-1973/03/n.d.,Others,February 1973 Tour,[nan],"[114, 115, 116, 117, 118, 119]",45
33,1973/02/04-1973/02/18,National Theatre of Japan,February 1973,[nan],"[121, 720]",110
34,1973/04/25-1973/05/06,Asahiza,April 1973,[nan],"[122, 123, 124, 125, 126, 127, 128]",62
35,"1973/05/07,1973/05/28",Asahiza,May 1973 Asahiza,[nan],"[135, 136, 137]",83
36,1973/05/13-1973/05/27,National Theatre of Japan,May 1973 National Theatre,[nan],"[129, 130, 131, 132, 133, 134]",106
37,1973/07/15-1973/07/29,Asahiza,July 1973,[nan],"[92, 93, 94, 95, 96, 97]",106
38,1973/09/09-1973/09/23,National Theatre of Japan,September 1973,[nan],"[98, 99, 100, 101]",17
39,1973/10/07-1973/10/21,Asahiza,October 1973,[nan],"[102, 103, 104, 105]",40
40,1973/11/11-1973/11/18,National Theatre of Japan,November 1973,[nan],"[106, 107]",40
41,1974/01/02-1974/01/22,Asahiza,January 1974,[nan],"[142, 143, 144, 145, 146]",100
42,1974/02/03-1974/02/17,National Theatre of Japan,February 1974,"[45026, 45027, 45028, 45029, 45522, 45524, 45579, 45585, 45587, 45589, 45591, 45636, 45638, 45640, 45642, 45644, 45652, 45654, 45656, 45658, 45662, 45664, 45665, 45666, 45667, 45669, 45671, 45673, 45673, 45673, 46775, 46776, 46777, 46778, 48263, 48264, 48265, 48266, 48267, 48268, 48269, 48270, 48271, 48272, 48273, 48274, 48275, 48276, 48277, 48278, 48279, 48280, 48281, 48282, 48283, 48284, 48285, 48286, 48287, 48288, 48289, 48290, 48291, 48292, 48293, 48294, 48295, 48296, 48297, 48298, 48299, 48300, 48301, 48302, 48303, 48304, 48305, 48306, 48307, 48308, 48309, 48310, 48311, 48312, 48313, 48314, 48315, 48316, 48317, 48318, 48319, 48320, 48321, 48322, 48323, 48324, 48325, 48326, 48327, 48328, ...]","[147, 148, 149, 150, 151, 152]",23
43,1974/04/07-1974/04/21,Asahiza,April 1974 Asahiza,[nan],"[153, 721]",16
44,1974/04/28-1974/05/12,National Theatre of Japan,April 1974 National Theatre,[nan],"[154, 155]",16
45,1974/06/n.d.-1974/07/n.d.,Others,June 1974,[nan],"[156, 157, 158, 159, 160, 161]",102
46,1974/07/17-1974/07/30,Asahiza,July 1974,[46527],"[163, 164, 165, 166]",11
47,1974/09/14-1974/09/28,National Theatre of Japan,September 1974,[nan],"[167, 168]",58
48,1974/10/13-1974/10/27,Asahiza,October 1974,[nan],"[169, 171, 172, 173]",93
49,1974/11/19-1974/11/27,National Theatre of Japan,November 1974,[nan],"[174, 175, 176]",30
50,1975/01/02-1975/01/22,Asahiza,January 1975,[52746],"[177, 178, 179, 180, 181]",72
51,1975/02/01-1975/02/15,National Theatre of Japan,February 1975,"[45005, 45015, 45018, 45430, 45431, 45432, 45433, 45435, 45436, 45437, 45439, 45441, 45443, 45453, 45458, 45505, 45509, 45513, 45548, 45550, 45551, 45553, 45555, 45573, 45683, 46739, 46740, 46755, 46756, 46760, 46761, 47719, 47720, 47721, 47722, 47723, 47724, 47725, 47726, 47727, 47728, 47729, 47730, 47731, 47732, 47733, 47734, 47735, 47736, 47737, 47738, 47739, 47740, 47741, 47742, 47743, 47744, 47745, 47746, 47747, 47748, 47749, 48000, 48001, 48002, 48003, 48004, 48005, 48006, 48007, 48008, 48009, 48010, 48011, 48012, 48013, 48014, 48015, 48016, 48017, 48018, 48019, 48020, 48021, 48022, 48023, 48024, 48062, 48063, 48064, 48065, 48066, 48067, 48068, 48069, 48070, 48071, 48072, 48073, 48074, ...]","[183, 184]",72
52,1975/04/18-1975/05/01,Asahiza,April 1975,[nan],"[185, 186, 187, 188, 189, 190]",80
53,1975/05/10-1975/05/24,National Theatre of Japan,May 1975,"[45016, 45021, 45023, 45459, 45497, 45499, 45501, 45573, 45578, 45597, 45622, 45624, 45626, 45628, 45630, 45632, 45634, 45646, 45648, 45650, 45663, 45665, 45677, 46757, 46766, 46767, 46768, 46771, 46772, 48025, 48026, 48027, 48028, 48029, 48030, 48031, 48032, 48033, 48034, 48035, 48036, 48037, 48038, 48039, 48040, 48041, 48042, 48043, 48044, 48045, 48046, 48047, 48048, 48049, 48050, 48051, 48052, 48053, 48054, 48055, 48056, 48057, 48058, 48059, 48060, 48061, 48154, 48155, 48156, 48157, 48158, 48159, 48160, 48161, 48162, 48163, 48164, 48165, 48166, 48167, 48168, 48169, 48170, 48171, 48177, 48208, 48209, 48210, 48211, 48212, 48213, 48214, 48215, 48216, 48217, 48218, 48219, 48220, 48221, 48222, ...]","[191, 192, 193]",55
54,1975/07/13-1975/07/27,Asahiza,July 1975,[nan],"[194, 195, 196, 197, 198]",1
55,1975/10/12-1975/10/26,Asahiza,October 1975,[nan],"[200, 201, 202, 203, 204]",27
56,1975/12/13-1975/12/21,National Theatre of Japan,December 1975,"[45008, 45536, 45538, 45540, 45542, 45544, 45681, 46744, 47787, 47788, 47789, 47790, 47791, 47792, 47793, 47794, 47795, 47796, 47797, 47798, 47799, 47800, 47801, 47802, 47803, 47804, 47805, 47806, 47807, 47808, 47809, 47810, 47811, 47812, 52641, 52642, 52643, 52644, 52645, 52646, 52647, 52648, 52649, 52675, 52676, 52677, 52678, 53596, 53597, 53598, 53599, 53600, 53601, 53602, 53603, 53604, 53605, 53606, 53607, 53608, 53609, 53610, 53611, 53612, 53613, 53614, 53615, 53616, 53617, 53618, 53619, 53620, 53621, 53622, 53623, 53624, 53625, 53626, 53627, 53628, 53629, 53630, 53631, 53632, 53633, 53634, 53635, 53636, 53637, 53638, 53639, 53640, 53641, 53642, 53643, 53644, 53645, 53646, 53647, 53648, ...]",[205],27
57,1976/01/02-1976/01/25,Asahiza,January 1976,[nan],"[206, 207, 208, 209]",100
58,1976/03/19-1976/03/28,National Theatre of Japan,March 1976,"[45012, 45012, 45012, 45147, 45149, 45530, 45577, 45579, 45607, 45609, 45611, 45613, 45665, 46750, 46751, 47893, 47894, 47895, 47896, 47897, 47898, 47899, 47900, 47901, 47902, 47903, 47904, 47905, 47906, 47907, 47908, 47909, 47910, 47911, 47912, 47913, 47914, 47915, 47916, 47917, 47918, 47919, 47920, 47921, 47922, 47923, 47924, 47926, 47928, 47929, 47930, 53713, 53714, 53715, 53716, 53717, 53718, 53719, 53720, 53721, 53722, 53723, 53724, 53725, 53726, 53727, 53728, 53729, 53730, 53731, 53732, 53733, 53734, 53735, 53736, 53737, 53738, 53739, 53740, 53741, 53742, 53743, 53744, 53745, 53746, 53747, 53748, 53749, 53750, 53751, 53752, 53753, 53754, 53755, 53756, 53757, 53758, 53759, 53760, 53761, ...]","[210, 211, 212, 213]",73
59,1976/04/15-1976/04/29,Asahiza,April 1976,[nan],"[214, 215, 216, 217]",68
60,1976/07/09-1976/07/25,Asahiza,July 1976,[nan],"[222, 223, 224, 225]",104
62,1976/09/26-1976/10/04,National Theatre of Japan,September 1976 Kōkōsei no tame no Bunraku Kyōshitsu,"[54890, 54891, 54892, 54893, 54894, 54895, 54896, 54897, 54898, 54899, 54900, 54901, 54902, 54903, 54904, 54905, 54906, 54907, 54908, 54909, 54910, 54911, 54912, 54913, 54914, 54915, 54916, 54917, 54918, 54919, 54920, 54921, 54922, 54923, 54924, 54925, 54926, 54927, 54928, 54929, 54930, 54931, 54932, 54933, 54934, 54935, 54936, 54937, 54938, 54939, 54940, 54941, 54942, 54943, 54944, 54945, 54946, 54947, 54948, 54949, 54950, 54951, 54952, 54953, 54954, 54955, 54956, 54957, 54958, 54959, 54960, 54961, 54962, 54963, 54964, 54965, 54966, 54967, 54968, 54969, 54970, 54971, 54972, 54973, 54974, 54975, 54976, 54977, 54978, 54979, 54980, 54981, 64562]",[234],35
63,1976/11/12-1976/11/26,Asahiza,November 1976,[nan],"[230, 231, 232, 233]",110
64,1976/12/04-1976/12/18,National Theatre of Japan,December 1976,"[54293, 54294, 54295, 54296, 54297, 54298, 54299, 54300, 54301, 54302, 54303, 54304, 54305, 54306, 54307, 54308, 54309, 54310, 54311, 54312, 54313, 54314, 54315, 54316, 54317, 54318, 54319, 54320, 54321, 54322, 54323, 54324, 54325, 54326, 54327, 54328, 54329, 54330, 54331, 54332, 54333, 54334, 54335, 54336, 54337, 54338, 54339, 54340, 54341, 54342, 54343, 54344, 54345, 54346, 54347, 54348, 54349, 54350, 54351, 54352, 54353, 54354, 54355, 54356, 54357, 54358, 54359, 54360, 54361, 54362, 54363, 54364, 54365, 54366, 54367, 54368, 54369, 54370, 54371, 54372, 54373, 54374, 54375, 54376, 54377, 54378, 54379, 54380, 54381, 54382, 54383, 54384, 54385, 54386, 54387, 54388, 54389, 54390, 54391, 54392, ...]",[235],63
65,1977/01/02-1977/01/23,Asahiza,January 1977,[nan],"[236, 237, 238, 239, 240]",5
66,1977/02/05-1977/02/19,National Theatre of Japan,February 1977,"[45006, 45532, 45534, 45546, 45575, 45575, 46741, 47750, 47751, 47752, 47753, 47754, 47755, 47756, 47757, 47758, 47759, 47760, 47761, 47762, 47763, 47764, 52415, 52416, 52417, 52418, 52419, 52420, 52421, 52422, 52438, 52439, 52440, 52441, 52442, 52443, 52444, 52445, 52446, 52447, 54982, 54983, 54984, 54985, 54986, 54987, 54988, 54989, 54990, 54991, 54992, 54993, 54994, 54995, 54996, 54997, 54998, 54999, 55000, 55001, 55002, 55003, 55004, 55005, 55006, 55007, 55008, 55009, 55010, 55011, 55012, 55013, 55014, 55015, 55016, 55017, 55018, 55019, 55020, 55021, 55022, 55023, 55024, 55025, 55026, 55027, 55028, 55029, 55030, 55031, 55032, 55033, 55034, 55035, 55036, 55037, 55038, 55039, 55040, 55041, ...]","[241, 242, 243, 244, 245]",29
67,1977/04/09-1977/04/24,Asahiza,April 1977,"[55465, 55466, 55467, 55468, 55469, 55470, 55471, 55472, 55473, 55474, 55475, 55476, 55477, 55478, 55479, 55480, 55481, 55482, 55483, 55484, 55485, 55486, 55487]",[247],79
68,1977/05/14-1977/05/28,National Theatre of Japan,May 1977,"[45020, 45022, 45659, 45660, 45694, 45696, 45698, 45700, 45701, 45702, 45704, 46764, 46765, 46769, 46770, 48144, 48145, 48146, 48147, 48148, 48149, 48178, 48179, 48180, 48181, 48182, 48183, 48184, 48185, 48186, 48187, 48188, 48189, 48190, 48191, 48192, 48193, 48194, 48195, 48196, 48197, 48198, 48199, 48200, 48201, 48202, 48203, 48204, 48205, 48206, 48207, 52248, 52502, 52503, 52504, 52505, 52506, 52507, 52508, 52509, 52510, 52511, 52512, 52513, 52514, 52515, 52516, 52517, 52518, 52519, 52520, 52521, 52522, 52523, 52524, 52525, 52526, 52527, 52528, 52529, 52530, 52531, 52532, 52533, 52534, 52535, 52536, 52537, 52538, 52539, 52548, 52549, 52550, 55215, 55216, 55217, 55218, 55219, 55220, 55221, ...]",[248],79
69,1977/06/02-1977/06/05,Others,June 1977,[nan],"[249, 250, 251, 252]",16
70,1977/07/09-1977/07/24,Asahiza,July 1977 Asahiza,"[44976, 44977, 44978, 44980, 44984, 44985, 44991, 44996, 45130, 45132, 45133, 45135, 45137, 45139, 45141, 45142, 45143, 45144, 45145, 45164, 45166, 45168, 45169, 45170, 45172, 45174, 45176, 45178, 45180, 45183, 45184, 45185, 45187, 45188, 45189, 45190, 45193, 45195, 45197, 45199, 45201, 45203, 45205, 45207, 45208, 45209, 45211, 45213, 45319, 45320, 45321, 45322, 45333, 45335, 45337, 45341, 45367, 46710, 46711, 46712, 46714, 46718, 46719, 46725, 46730, 46940, 46941, 46942, 46943, 46944, 46945, 46946, 46947, 46948, 46949, 46950, 46951, 46952, 46953, 46954, 46955, 46956, 46957, 46958, 46959, 46960, 46961, 46962, 46963, 46964, 46965, 46966, 46967, 46968, 46969, 46970, 46971, 46972, 46973, 46974, ...]","[253, 254, 255, 256]",26
71,1977/08/05-1977/08/07,Others,August 1977 Hokkaido Tour,"[44997, 44998, 44999, 45000, 45152, 45154, 45156, 45158, 45160, 45161, 45162, 46731, 46732, 46733, 46734, 47565, 47566, 47567, 47568, 47569, 47570, 47571, 47572, 47573, 47574, 47584, 47585, 47586, 47587, 47588, 47589, 47590, 47591, 47592, 47593, 47594, 47595, 47596, 47597, 47598, 47599, 47600, 47601, 47602, 47603, 47604, 47605, 47606, 47607, 47608, 47609, 47610, 47611, 47612, 47613, 47614, 47615, 47646, 47647, 47648, 47649, 47650, 47651, 47652, 47653, 47654, 47655, 47656, 47657, 47658, 47659, 47660, 47661, 47662, 47663, 47664, 47665, 47666, 47667, 47668, 47669, 47670, 47671, 47672, 47673, 47674, 47675, 47676, 56418, 56419, 56423, 56670, 56671, 56672, 56673, 56674, 56675, 56676, 56677, 56678, ...]","[257, 258, 259]",129
72,1977/08/18-1977/08/29,Others,August 1977 Tour,[nan],[260],130
73,1977/09/10-1977/09/24,National Theatre of Japan,September 1977,"[45041, 45042, 45043, 45044, 45045, 45046, 45047, 45048, 45049, 45191, 45461, 45463, 45465, 45467, 45469, 45814, 45816, 45817, 45818, 45820, 45822, 45824, 45826, 45828, 45830, 45832, 45834, 45836, 45838, 45840, 45842, 45844, 45846, 45848, 45850, 45852, 45853, 45854, 45856, 45858, 45860, 45862, 45864, 45866, 45867, 45870, 45872, 45874, 45876, 45878, 45880, 45882, 45884, 45886, 45888, 45890, 45892, 45894, 45896, 45898, 45900, 45902, 45904, 45906, 45908, 45910, 45912, 45914, 45916, 45918, 45920, 45921, 45922, 45923, 46794, 46795, 46796, 46797, 46798, 46799, 46800, 46801, 46802, 46803, 46804, 46805, 46806, 46807, 46808, 46809, 46810, 46811, 46812, 46813, 46814, 46815, 46816, 46817, 46818, 46819, ...]","[261, 262, 263]",98
74,1977/10/15-1977/10/30,Asahiza,October 1977,[nan],"[264, 265, 266, 267]",18
75,1977/12/11-1977/12/21,National Theatre of Japan,December 1977,"[45051, 45691, 46826, 49098, 49099, 49100, 49101, 57024, 57025, 57026, 57027, 57028, 57029, 57030, 57031, 57032, 57033, 57034, 57035, 57036, 57037, 57038, 57039, 57040, 57041, 57042, 57043, 57044, 57045, 57046, 57047, 57048, 57049, 57050, 57051, 57052, 57053, 57054, 57055, 57056, 57057, 57058, 57059, 57060, 57061, 57062, 57063, 57064, 57065, 57066, 57067, 57068, 57069, 57070, 57071, 57072, 57073, 57074, 57075, 57076, 57077, 57078, 57079, 57080, 57081, 57082, 57083, 57084, 57085, 57086, 57087, 57088, 57089, 57090, 57091, 57092, 57093, 57094, 57095, 57096, 57097, 57098, 57099, 57100, 57101, 57102, 57103, 57104, 57105, 57106, 57107, 57108, 57109, 57110, 57111, 57112, 57113, 57114, 57115, 57116, ...]","[268, 269, 270]",45
76,1978/01/02-1978/01/23,Asahiza,January 1978,"[57330, 57331, 57332, 57333, 57334, 57335, 57336, 57337, 57338, 57339, 57340, 57341, 57342, 57343, 57344, 57345, 57346, 57347, 57348, 57349, 57350, 57351, 57352, 57353, 57354, 57355, 57356, 57357, 57358, 57359, 57360, 57361, 57362, 57363, 57364, 57365, 57366, 57367, 57368, 57369, 57370, 57371, 57372, 57373, 57374, 57375, 57376, 57377, 57378, 57379, 57380, 57381, 57382, 57383, 57384, 57385, 57386, 57387, 57388, 57389, 57390, 57391, 57392, 57393, 57394, 57395, 57396, 57397, 57398, 57399, 57400, 57401, 57402, 57403, 57404, 57405, 57406, 57407, 57408, 57409, 57410, 57411, 57412, 57413, 57414, 57415, 57416, 57417, 57418, 57419, 57420, 57421, 57422, 57423, 57424, 57425, 57426, 57427, 57428, 57429, ...]","[271, 272, 273, 274, 275]",40
77,1978/02/11-1978/02/25,National Theatre of Japan,February 1978,"[45052, 45053, 45599, 45685, 45687, 45689, 45959, 45961, 45963, 45965, 45967, 45969, 45971, 45973, 45976, 45978, 45980, 45982, 45984, 45986, 46827, 46828, 46829, 46830, 49102, 49103, 49104, 49105, 49106, 49107, 49108, 49109, 49110, 49111, 49112, 49113, 49114, 49115, 49116, 49117, 49118, 49119, 49120, 49121, 49122, 49123, 49124, 49125, 49126, 49127, 49128, 49129, 49130, 49131, 49132, 49133, 49134, 49135, 49136, 49137, 49138, 49139, 49140, 49141, 49142, 49143, 49144, 49145, 49146, 49147, 49148, 49149, 49150, 49151, 49152, 49153, 49154, 49155, 49156, 49157, 49158, 49159, 49160, 49161, 49162, 49163, 49164, 49166, 49167, 49168, 49169, 49170, 49171, 49172, 49173, 49174, 49175, 49176, 49177, 49178, ...]","[276, 277, 278, 279, 280]",73
78,1978/04/09-1978/04/25,Asahiza,April 1978,"[45057, 46013, 46015, 46017, 46018, 46019, 46021, 46023, 46025, 46027, 46834, 49241, 49242, 49243, 49244, 49245, 49246, 49247, 49250, 49251, 49252, 49253, 49254]",[281],62
79,1978/05/13-1978/05/27,National Theatre of Japan,May 1978,"[45056, 45997, 45999, 46001, 46003, 46005, 46007, 46009, 46011, 46832, 49190, 49191, 49192, 49193, 49194, 49195, 49196, 49197, 49198, 49199, 49200, 49201, 49202, 49203, 49204, 49205, 49206, 49207, 49208, 49209, 49210, 49211, 49212, 49213, 49214, 49215, 49216, 49217, 49218, 49219, 49220, 49221, 49222, 49223, 49224, 49286, 58296, 58297, 58298, 58299, 58300, 58301, 58302, 58303, 58304, 58305, 58306, 58307, 58308, 58309, 58310, 58311, 58312, 58313, 58314, 58315, 58316, 58317, 58318, 58319, 58320, 58321, 58322, 58323, 58324, 58325, 58326, 58327, 58328, 58329, 58330, 58331, 58332, 58333, 58334, 58335, 58336, 58337, 58338, 58339, 58340, 58341, 58342, 58343, 58344, 58345, 58346, 58347, 58348, 58349, ...]",[282],57
80,1978/05/29,National Theatre of Japan,June 1978,[nan],"[283, 284, 285, 286]",131
81,1978/07/07-1978/07/23,Asahiza,July 1978,"[45060, 45061, 46078, 46080, 46082, 46084, 46086, 46088, 46090, 46092, 46842, 46843, 49342, 49343, 49344, 49345, 49346, 49347, 49348, 49349, 49350, 49351, 49352, 49353, 49354, 49355, 49356, 49357, 49358, 49359, 49360, 49361, 49362, 49363, 49364, 49365, 49366, 49367, 49368, 49369, 49370, 49371, 49372, 49373, 49374, 49375, 49376, 49377, 49378, 49379, 49380, 49381, 58827, 58828, 58829, 58830, 58831, 58832, 58833, 58834, 58835, 58836, 58837, 58838, 58839, 58840, 58841, 58842, 58843, 58844, 58845, 58846, 58847, 58848, 58849, 58850, 58851, 58852, 58853, 58854, 58855, 58856, 58857, 58858, 58859, 58860, 58861, 58862, 58863, 58864, 58865, 58866, 58867, 58868, 58869, 58870, 58871, 58872, 58873, 58874, ...]","[287, 288, 289, 290, 291]",1
82,1978/08/19-1978/09/02,National Theatre of Japan,August 1978,"[45059, 45060, 46050, 46052, 46054, 46056, 46058, 46060, 46062, 46064, 46066, 46068, 46070, 46072, 46074, 46076, 46838, 46839, 46840, 46841, 49292, 49293, 49294, 49295, 49296, 49297, 49298, 49299, 49300, 49301, 49302, 49303, 49304, 49305, 49306, 49307, 49308, 49309, 49310, 49311, 49312, 49313, 49314, 49315, 49316, 49317, 49318, 49319, 49320, 49321, 49322, 49323, 49324, 49325, 49326, 49327, 49328, 49329, 49330, 49331, 49332, 49333, 49334, 49335, 49336, 49337, 49338, 49339, 49340, 49341, 52269, 59406, 59407, 59408, 59409, 59410, 59411, 59412, 59413, 59414, 59415, 59416, 59417, 59418, 59419, 59420, 59421, 59424, 59425, 59426, 59427, 59428, 59429, 59430, 59431, 59432, 59433, 59434, 59435, 59436, ...]","[299, 300, 301, 302, 303, 304]",36
83,1978/09/30-1978/10/17,Asahiza,September 1978,"[45038, 45039, 45787, 45789, 45791, 45793, 45795, 45797, 45799, 45801, 45803, 45805, 45807, 45809, 45811, 46790, 46791, 46792, 46793, 48670, 48671, 48672, 48673, 48674, 48675, 48676, 48677, 48678, 48679, 48680, 48681, 48682, 48683, 48684, 48685, 48686, 48687, 48688, 48689, 48690, 48691, 48692, 48693, 48694, 48695, 48696, 48697, 48698, 48699, 48700, 48701, 48702, 48703, 48704, 48705, 48706, 48707, 48708, 48709, 48710, 48711, 48712, 48713, 48714, 48715, 48716, 48717, 48718, 48719, 48720, 48721, 48722, 48723, 48724, 48725, 59871, 59872, 59873, 59874, 59875, 59876, 59877, 59878, 59879, 59880, 59881, 59882, 59883, 59884, 59885, 59886, 59887, 59888, 59889, 59890, 59891, 59892, 59893, 59894, 59895, ...]",[305],63
84,1978/12/09-1978/12/20,National Theatre of Japan,December 1978,"[45034, 45035, 45036, 45037, 45748, 45749, 45750, 45752, 45754, 45756, 45758, 45759, 45760, 45762, 45764, 45766, 45768, 45769, 45771, 45772, 45773, 45775, 45776, 45777, 45778, 45779, 45780, 45781, 45782, 45783, 45785, 46786, 46787, 46788, 46789, 48560, 48561, 48562, 48563, 48564, 48565, 48566, 48567, 48568, 48569, 48570, 48571, 48572, 48573, 48574, 48575, 48576, 48577, 48578, 48579, 48580, 48581, 48582, 48583, 48584, 48585, 48586, 48587, 48588, 48589, 48590, 48591, 48592, 48593, 48594, 48595, 48596, 48597, 48598, 48599, 48600, 48601, 48602, 48603, 48604, 48605, 48606, 48607, 48608, 48609, 48610, 48611, 48612, 48613, 48614, 48615, 48616, 48617, 48618, 48619, 48620, 48621, 48622, 48623, 48624, ...]","[306, 307, 308]",73
85,1979/01/02-1979/01/23,Asahiza,January 1979,"[60479, 60480, 60481, 60482, 60483, 60484, 60485, 60486, 60487, 60488, 60489, 60490, 60491, 60492, 60493, 60494, 60495, 60496, 60497, 60498, 60499, 60500, 60501, 60502, 60503, 60504, 60505, 60506, 60507, 60508, 60509, 60510, 60511, 60512, 60513, 60514, 60515, 60516, 60517, 60518, 60519, 60520, 60521, 60522, 60523, 60524, 60525, 60526, 60527, 60528, 60529, 60530, 60531, 60532, 60533, 60534, 60535, 60536, 60537, 60538, 60539, 60540, 60541, 60542, 60544, 60545, 60546, 60547, 60548, 60549, 60550, 60551, 60552, 60553, 60554, 60555, 60556, 60557, 60558, 60559, 60560, 60561, 60562, 60563, 60564, 60565, 60566, 60567, 60568, 60569, 60570, 60571, 60572, 60573, 60574, 60575, 60576, 60577, 60578, 60579, ...]",[309],73
86,1979/02/10-1979/02/24,National Theatre of Japan,February 1979,"[8281, 8282, 8283, 8284, 8285, 8286, 8287, 8288, 8289, 8290, 8291, 8292, 8293, 8294, 8295, 8296, 8297, 8298, 8299, 8300, 8301, 8302, 8303, 8304, 8305, 8306, 8307, 8308, 8309, 8310, 8311, 8312, 8313, 8314, 8315, 8316, 8317, 8318, 8319, 8320, 8321, 8322, 8323, 8324, 8325, 8326, 8327, 8328, 8329, 8330, 8331, 8332, 8333, 8334, 8335, 8336, 8337, 8338, 8339, 8340, 8341, 8342, 8343, 8344, 8345, 8346, 8347, 8348, 8349, 8350, 8351, 8352, 8353, 8354, 8355, 8356, 8357, 8358, 8359, 8360, 8361, 8362, 8363, 8364, 8365, 8366, 8367, 8368, 8369, 8370, 8371, 8372, 8373, 8374, 8375, 8376, 8377, 8378, 8379, 8380, ...]","[310, 311]",26
87,1979/04/14-1979/04/30,Asahiza,April 1979,[nan],"[312, 313, 314, 315, 316, 927]",80
88,1979/05/12-1979/05/27,National Theatre of Japan,May 1979,"[8821, 8822, 8823, 8824, 8825, 8826, 8827, 8828, 8829, 8830, 8831, 8832, 8833, 8834, 8835, 8836, 8837, 8838, 8839, 8840, 8841, 8842, 8843, 8844, 8845, 8846, 8847, 8848, 8849, 8850, 8851, 8852, 8853, 8854, 8855, 8856, 8857, 8858, 8859, 8860, 8861, 8862, 8863, 8864, 8865, 8866, 8867, 8868, 8869, 8870, 8871, 8872, 8873, 8874, 8875, 8876, 8877, 8878, 8879, 8880, 8881, 8882, 8883, 8884, 8885, 8886, 8887, 8888, 8889, 8890, 8891, 8892, 8893, 8894, 8895, 8896, 8897, 8898, 8899, 8900, 8901, 8902, 8903, 8904, 8905, 8906, 8907, 8908, 8909, 8910, 8911, 8912, 8913, 8914, 8915, 8916, 8917, 8918, 8919, 8920, ...]","[317, 318, 319, 320, 321, 928]",72
89,1979/07/07-1979/07/22,Asahiza,July 1979,[nan],"[322, 323, 324]",11
91,1979/10/13-1979/10/29,Asahiza,October 1979,[nan],"[333, 334, 335, 336]",135
92,1979/12/08-1979/12/19,National Theatre of Japan,December 1979,"[9777, 9778, 9779, 9780, 9781, 9782, 9783, 9784, 9785, 9786, 9787, 9788, 9789, 9790, 9791, 9792, 9793, 9794, 9795, 9796, 9797, 9798, 9799, 9800, 9801, 9802, 9803, 9804, 9805, 9806, 9807, 9808, 9809, 9810, 9811, 9812, 9813, 9814, 9815, 9816, 9817, 9818, 9819, 9820, 9821, 9822, 9823, 9824, 9825, 9826, 9827, 9828, 9829, 9830, 9831, 9832, 9833, 9834, 9835, 9836, 9837, 9838, 9839, 9840, 9841, 9842, 9843, 9844, 9845, 9846, 9847, 9848, 9849, 9850, 9851, 9852, 9853, 9854, 9855, 9856, 9857, 9858, 9859, 9860, 9861, 9862, 9863, 9864, 9865, 9866, 9867, 9868, 9869, 9870, 9871, 9872, 9873, 9874, 9875, 9876, ...]",[337],79
94,1979/12/10-1979/12/20,National Theatre of Japan,December 1979 Bunraku Kanshō Kyōshitsu,"[9767, 9768, 9769, 9770, 9771, 9772, 9773, 9774, 9775, 9776, 45072, 46161, 46162, 46163, 46862, 49693, 49694, 49695, 49696, 49697, 49698, 49699, 49700, 49701, 49702, 49703, 49704, 49705, 49706, 49707, 49708, 49709, 52282, 61254]",[487],73
95,1980/01/02-1980/01/23,Asahiza,January 1980,[nan],"[338, 339, 340, 341]",72
96,1980/02/09-1980/02/24,National Theatre of Japan,February 1980,"[9954, 9955, 9956, 9957, 9958, 9959, 9960, 9961, 9962, 9963, 9964, 9965, 9966, 9967, 9968, 9969, 9970, 9971, 9972, 9973, 9974, 9975, 9976, 9977, 9978, 9979, 9980, 9981, 9982, 9983, 9984, 9985, 9986, 9987, 9988, 9989, 9990, 9991, 9992, 9993, 9994, 9995, 9996, 9997, 9998, 9999, 10000, 10001, 10002, 10003, 10004, 10005, 10006, 10007, 10008, 10009, 10010, 10011, 10012, 10013, 10014, 10015, 10016, 10017, 10018, 10019, 10020, 10021, 10022, 10023, 10024, 10025, 10026, 10027, 10028, 10029, 10030, 10031, 10032, 10033, 10034, 10035, 10036, 10037, 10038, 10039, 10040, 10041, 10042, 10043, 10044, 10045, 10046, 10047, 10048, 10049, 10050, 10051, 10052, 10053, ...]","[342, 343, 344, 345]",40
97,1980/04/13-1980/04/29,Asahiza,April 1980,[nan],"[346, 347, 348, 349, 350, 351]",106
98,1980/05/10-1980/05/25,National Theatre of Japan,May 1980,"[9555, 9556, 9557, 9558, 9559, 9560, 9561, 9562, 9563, 9564, 9565, 9566, 9567, 9568, 9569, 9570, 9571, 9572, 9573, 9574, 9575, 9576, 9577, 9578, 9579, 9580, 9581, 9582, 9583, 9584, 9585, 9586, 9587, 9588, 9589, 9590, 9591, 9592, 9593, 9594, 9595, 9596, 9597, 9598, 9599, 9600, 9601, 9602, 9603, 9604, 9605, 9606, 9607, 9608, 9609, 9610, 9611, 9612, 9613, 9614, 9615, 9616, 9617, 9618, 9619, 9620, 9621, 9622, 9623, 9624, 9625, 9626, 9627, 9628, 9629, 9630, 9631, 9632, 9633, 9634, 9635, 9636, 9637, 9638, 9639, 9640, 9641, 9642, 9643, 9644, 9645, 9646, 9647, 9648, 9649, 9650, 9651, 9652, 9653, 9654, ...]","[352, 353, 354, 355, 356, 357, 694]",100
99,1980/07/05-1980/07/20,Asahiza,July 1980,[nan],"[360, 361, 362, 363, 364]",64
100,1980/07/29-1980/08/05,Others,July 1980 Tour,[nan],"[358, 359]",72
101,1980/09/06-1980/09/21,National Theatre of Japan,September 1980,"[10269, 10270, 10271, 10272, 10273, 10274, 10275, 10276, 10277, 10278, 10279, 10280, 10281, 10282, 10283, 10284, 10285, 10286, 10287, 10288, 10289, 10290, 10291, 10292, 10293, 10294, 10295, 10296, 10297, 10298, 10299, 10300, 10301, 10302, 10303, 10304, 10305, 10306, 10307, 10308, 10309, 10310, 10311, 10312, 10313, 10314, 10315, 10316, 10317, 10318, 10319, 10320, 10321, 10322, 10323, 10324, 10325, 10326, 10327, 10328, 10329, 10330, 10331, 10332, 10333, 10334, 10335, 10336, 10337, 10338, 10339, 10340, 10341, 10342, 10343, 10344, 10345, 10346, 10347, 10348, 10349, 10350, 10351, 10352, 10353, 10354, 10355, 10356, 10357, 10358, 10359, 10360, 10361, 10362, 10363, 10364, 10365, 10366, 10367, 10368, ...]","[365, 366, 367, 368]",56
102,1980/10/10-1980/10/26,Asahiza,October 1980,[nan],"[369, 370, 371, 372]",63
103,1980/12/09-1980/12/19,National Theatre of Japan,December 1980 Bunraku Kanshō Kyōshitsu,"[52344, 52347]",[375],80
104,1981/01/02-1981/01/23,Asahiza,January 1981,[nan],"[376, 377, 378, 379, 380]",100
105,1981/02/14-1981/03/01,National Theatre of Japan,February 1981,"[10509, 10510, 10511, 10512, 10513, 10514, 10515, 10516, 10517, 10518, 10519, 10520, 10521, 10522, 10523, 10524, 10525, 10526, 10527, 10528, 10529, 10530, 10531, 10532, 10533, 10534, 10535, 10536, 10537, 10538, 10539, 10540, 10541, 10542, 10543, 10544, 10545, 10546, 10547, 10548, 10549, 10550, 10551, 10552, 10553, 10554, 10555, 10556, 10557, 10558, 10559, 10560, 10561, 10562, 10563, 10564, 10565, 10566, 10567, 10568, 10569, 10570, 10571, 10572, 10573, 10574, 10575, 10576, 10577, 10578, 10579, 10580, 10581, 10582, 10583, 10584, 10585, 10586, 10587, 10588, 10589, 10590, 10591, 10592, 10593, 10594, 10595, 10596, 10597, 10598, 10599, 10600, 10601, 10602, 10603, 10604, 10605, 10606, 10607, 10608, ...]","[381, 382, 383]",7
106,1981/04/10-1981/04/26,Asahiza,April 1981,[nan],"[384, 385, 386, 387, 388]",19
107,1981/05/16-1981/05/31,National Theatre of Japan,May 1981,"[12845, 12846, 12847, 12848, 12849, 12850, 12851, 12852, 12853, 12854, 12855, 12856, 12857, 12858, 12859, 12860, 12861, 12862, 12863, 12864, 12865, 12866, 12867, 12868, 12869, 12870, 12871, 12872, 12873, 12874, 12875, 12876, 12877, 12878, 12879, 12880, 12881, 12882, 12883, 12884, 12885, 12886, 12887, 12888, 12889, 12890, 12891, 12892, 12893, 12894, 12895, 12896, 12897, 12898, 12899, 12900, 12901, 12902, 12903, 12904, 12905, 12906, 12907, 12908, 12909, 12910, 12911, 12912, 12913, 12914, 12915, 12916, 12917, 12918, 12919, 12920, 12921, 12922, 12923, 12924, 12925, 12926, 12927, 12928, 12929, 12930, 12931, 12932, 12933, 12934, 12935, 12936, 12937, 12938, 12939, 12940, 12941, 12942, 12943, 12944, ...]",[389],62
108,1981/07/10-1981/07/26,Asahiza,July 1981,[nan],"[394, 395, 396, 397]",26
109,1981/09/05-1981/09/20,National Theatre of Japan,September 1981,"[12105, 12106, 12107, 12108, 12109, 12110, 12111, 12112, 12113, 12114, 12115, 12116, 12117, 12118, 12119, 12120, 12121, 12122, 12123, 12124, 12125, 12126, 12127, 12128, 12129, 12130, 12131, 12132, 12133, 12134, 12135, 12136, 12137, 12138, 12139, 12140, 12141, 12142, 12143, 12144, 12145, 12146, 12147, 12148, 12149, 12150, 12151, 12152, 12153, 12154, 12155, 12156, 12157, 12158, 12159, 12160, 12161, 12162, 12163, 12164, 12165, 12166, 12167, 12168, 12169, 12170, 12171, 12172, 12173, 12174, 12175, 12176, 12177, 12178, 12179, 12180, 12181, 12182, 12183, 12184, 12185, 12186, 12187, 12188, 12189, 12190, 12191, 12192, 12193, 12194, 12195, 12196, 12197, 12198, 12199, 12200, 12201, 12202, 12203, 12204, ...]","[398, 399, 400, 401]",93
110,1981/10/11-1981/10/25,Asahiza,November 1981,[nan],"[402, 403, 404, 405, 406]",36
111,1981/12/08-1981/12/20,National Theatre of Japan,December 1981,"[52380, 52381, 52382, 52383]",[407],63
112,1982/01/02-1982/01/24,Asahiza,January 1982,[nan],"[408, 409, 410, 411, 412, 413]",46
113,1982/02/13-1982/02/28,National Theatre of Japan,February 1982,"[10777, 10778, 10779, 10780, 10781, 10782, 10783, 10784, 10785, 10786, 10787, 10788, 10789, 10790, 10791, 10792, 10793, 10794, 10795, 10796, 10797, 10798, 10799, 10800, 10801, 10802, 10803, 10804, 10805, 10806, 10807, 10808, 10809, 10810, 10811, 10812, 10813, 10814, 10815, 10816, 10817, 10818, 10819, 10820, 10821, 10822, 10823, 10824, 10825, 10826, 10827, 10828, 10829, 10830, 10831, 10832, 10833, 10834, 10835, 10836, 10837, 10838, 10839, 10840, 10841, 10842, 10843, 10844, 10845, 10846, 10847, 10848, 10849, 10850, 10851, 10852, 10853, 10854, 10855, 10856, 10857, 10858, 10859, 10863, 10864, 10865, 10866, 10867, 10868, 10869, 10870, 10871, 10872, 10873, 10874, 10875, 10876, 10877, 10878, 10879, ...]","[414, 415, 416, 695]",1
114,1982/03/10-1982/03/28,Others,March 1982,[nan],"[417, 418, 419, 420, 421]",16
115,1982/04/10-1982/04/26,Asahiza,April 1982,[nan],[422],79
116,1982/05/15-1982/05/30,National Theatre of Japan,May 1982,"[52332, 52333, 52334, 52335]","[423, 424]",30
117,1982/07/09-1982/07/25,Asahiza,July 1982,[nan],"[425, 426, 427]",78
118,1982/09/04-1982/09/19,National Theatre of Japan,September 1982,"[12285, 12286, 12287, 12288, 12289, 12290, 12291, 12292, 12293, 12294, 12295, 12296, 12297, 12298, 12299, 12300, 12301, 12302, 12303, 12304, 12305, 12306, 12307, 12308, 12309, 12310, 12311, 12312, 12313, 12314, 12315, 12316, 12317, 12318, 12319, 12320, 12321, 12322, 12323, 12324, 12325, 12326, 12327, 12328, 12329, 12330, 12331, 12332, 12333, 12334, 12335, 12336, 12337, 12338, 12339, 12340, 12341, 12342, 12343, 12344, 12345, 12346, 12347, 12348, 12349, 12350, 12351, 12352, 12353, 12354, 12355, 12356, 12357, 12358, 12359, 12360, 12361, 12362, 12363, 12364, 12365, 12366, 12367, 12368, 12369, 12370, 12371, 12372, 12373, 12374, 12375, 12376, 12377, 12378, 12379, 12380, 12381, 12382, 12383, 12384, ...]","[428, 429]",58
119,1982/10/10-1982/10/25,Asahiza,October 1982,[nan],[430],110
120,1982/12/07-1982/12/19,National Theatre of Japan,December 1982,[nan],[431],110
121,1983/01/02-1983/01/23,Asahiza,January 1983,[nan],[432],73
122,1983/02/12-1983/02/27,National Theatre of Japan,February 1983,"[11031, 11032, 11033, 11034, 11035, 11036, 11037, 11038, 11039, 11040, 11041, 11042, 11043, 11044, 11045, 11046, 11047, 11048, 11049, 11050, 11051, 11052, 11053, 11054, 11055, 11056, 11057, 11058, 11059, 11060, 11061, 11062, 11063, 11064, 11065, 11066, 11067, 11068, 11069, 11070, 11071, 11072, 11073, 11074, 11075, 11076, 11077, 11078, 11079, 11080, 11081, 11082, 11083, 11084, 11085, 11086, 11087, 11088, 11089, 11090, 11091, 11092, 11093, 11094, 11095, 11096, 11097, 11098, 11099, 11100, 11101, 11102, 45106, 45107, 45108, 45109, 46399, 46401, 46403, 46405, 46407, 46409, 46411, 46413, 46415, 46417, 46419, 46421, 46423, 46425, 46427, 46429, 46430, 46432, 46434, 46436, 46438, 46440, 46442, 46443, ...]","[433, 434, 435]",28
123,1983/04/09-1983/04/25,Asahiza,April 1983,[nan],"[436, 437, 438, 439, 440]",68
124,1983/05/07-1983/05/22,National Theatre of Japan,May 1983,[nan],"[441, 442]",90
125,1983/07/15-1983/07/31,Asahiza,July 1983,[nan],"[444, 445, 446, 447, 701]",61
126,1983/09/03-1983/09/18,National Theatre of Japan,September 1983,[nan],"[448, 449, 450, 451, 452]",48
127,1983/10/14-1983/10/30,Asahiza,October 1983,[nan],"[453, 454, 455, 456, 457]",48
128,1983/12/09-1983/12/17,National Theatre of Japan,December 1983 Bunraku Kanshō Kyōshitsu,"[12569, 12570, 12571, 12572, 12573, 12574, 12575, 12576, 12577, 12578, 12579, 12580, 12581, 12582, 12583, 12584, 12585, 12586, 12587, 12588, 12589, 12590, 12591, 12592, 12593, 12594, 12595, 12596, 12597, 12598, 12599, 12600, 12601, 12602, 12603, 12604, 12605, 12606, 12607, 12608, 12609, 12610, 12611, 12612, 12613, 12614, 12615, 12616, 12617, 12618, 12619, 12620, 12621, 12622, 12623, 12624, 12625, 12626, 12627, 12628, 12629, 12630, 12631, 12632, 12633, 12634, 12635, 12636, 12637, 12638, 12639, 12640, 12641, 12642, 12643, 12644, 12645, 12646, 12647, 12648, 12649, 12650, 12651, 12652, 12653, 12654, 12655, 12656, 12657, 12658, 12659, 12660, 12661, 12662, 12663, 12664, 12665, 12666, 12667, 12668, ...]",[696],7
129,1983/12/09-1983/12/18,National Theatre of Japan,December 1983,"[12700, 12701, 12702, 12703, 12704, 12705, 12706, 12707, 12708, 12709, 12710, 12711, 12712, 12713, 12714, 12715, 12716, 12717, 12718, 12719, 12720, 12721, 12722, 12723, 12724, 12725, 12726, 12727, 12728, 12729, 12730, 12731, 12732, 12733, 12734, 12735, 12736, 12737, 12738, 12739, 12740, 12741, 12742, 12743, 12744, 12745, 12746, 12747, 12748, 12749, 12750, 12751, 12752, 12753, 12754, 12755, 12756, 12757, 12758, 12759, 12760, 12761, 12762, 12763, 12764, 12765, 12766, 12767, 12768, 12769, 12770, 12771, 12772, 12773, 12774, 12775, 12776, 12777, 12778, 12779, 12780, 12781, 12782, 12783, 12784, 12785, 12786, 12787, 12788, 12789, 12790, 12806, 12808, 12809, 12810, 12811, 12812, 12813, 12814, 12815, ...]",[458],27
130,1984/01/02-1984/01/22,Asahiza,January 1984,[nan],[460],72
131,1984/02/18-1984/03/04,National Theatre of Japan,February 1984,"[11283, 11284, 11285, 11286, 11287, 11288, 11289, 11290, 11291, 11292, 11293, 11294, 11295, 11296, 11297, 11298, 11299, 11300, 11301, 11302, 11303, 11304, 11305, 11306, 11307, 11308, 11309, 11310, 11311, 11312, 11313, 11314, 11315, 11316, 11317, 11318, 11319, 11320, 11321, 11322, 11323, 11324, 11325, 11326, 11327, 11328, 11329, 11330, 11331, 11332, 11333, 11334, 11335, 11336, 11337, 11338, 11339, 11340, 11341, 11342, 11343, 11344, 11345, 11346, 11347, 11348, 11349, 11350, 11351, 11352, 11353, 11354, 11356, 11357, 11358, 11359, 11360, 11361, 11362, 11363, 11364, 11365, 11366, 11367, 11368, 11369, 11370, 11371, 11372, 11373, 11374, 11375, 11376, 11377, 11378, 11379, 11380, 11381, 11382, 11383, ...]","[554, 555, 556]",2
132,1984/04/06-1984/04/22,National Bunraku Theatre,April 1984,[nan],"[461, 462]",100
133,1984/05/12-1984/05/27,National Theatre of Japan,May 1984,"[11850, 11851, 11852, 11853, 11854, 11855, 11856, 11857, 11858, 11859, 11860, 11861, 11862, 11863, 11864, 11865, 11866, 13085, 13086, 13087, 13088, 13089, 13090, 13091, 13092, 13093, 13094, 13095, 13096, 13097, 13098, 13099, 13100, 13101, 13102, 13103, 13104, 13105, 13106, 13107, 13108, 13109, 13110, 13111, 13112, 13113, 13114, 13115, 13116, 13117, 13118, 13119, 13120, 13121, 13122, 13123, 13124, 13125, 13126, 13127, 13128, 13129, 13130, 13131, 13132, 13133, 13134, 13135, 13136, 13137, 13138, 13139, 13140, 13141, 13142, 13143, 13144, 13145, 13146, 13147, 13148, 13149, 13150, 13151, 13152, 13153, 13154, 13155, 13156, 13157, 13158, 13159, 13160, 13161, 13162, 13163, 13164, 13165, 13166, 13167, ...]","[463, 464]",100
134,1984/06/06-1984/06/17,National Bunraku Theatre,June 1984,[nan],[465],57
135,1984/07/13-1984/07/29,National Bunraku Theatre,July 1984,"[45112, 45115, 45116, 46477, 46479, 46481, 46483, 46485, 46487, 46513, 46515, 46517, 46523, 46525, 46529, 46531, 46533, 46535, 46667, 46669, 46898, 46901, 46902, 46913, 46914, 50891, 50892, 50893, 50897, 50898, 50899, 50900, 50901, 50902, 50903, 50904, 50905, 50906, 50907, 50908, 50909, 50910, 50966, 50967, 50968, 50969, 50970, 50971, 50972, 50973, 50974, 50975, 50976, 50977, 50978, 50979, 50980, 50981, 50982, 50993, 50994, 50995, 50996, 50997, 50998, 50999, 51000, 51001, 51002, 51003, 51004, 51005, 51006, 51007, 51008, 51009, 51010, 51011, 51012, 51013, 51014, 51015, 51016, 51017, 51018, 51019, 51020, 51021, 51022, 51023, 51024, 51025, 51344, 51345, 51346, 51347, 51348, 51349, 51350, 51351, ...]","[466, 467, 468]",40
136,1984/08/18-1984/09/02,National Theatre of Japan,August 1984,"[12389, 12390, 12391, 12392, 12393, 12394, 12395, 12396, 12397, 12398, 12399, 12400, 12401, 12402, 12403, 12404, 12405, 12406, 12407, 12408, 12409, 12410, 12411, 12412, 12413, 12414, 12415, 12416, 12417, 12418, 12419, 12420, 12421, 12422, 12423, 12424, 12425, 12426, 12427, 12428, 12429, 12430, 12431, 12432, 12433, 12434, 12435, 12436, 12437, 12438, 12439, 12440, 12441, 12442, 12443, 12444, 12445, 12446, 12447, 12448, 12449, 12450, 12451, 12452, 12453, 12454, 12455, 12456, 12457, 12458, 12459, 12460, 12461, 12462, 12463, 12464, 12465, 12466, 12467, 12468, 12469, 12470, 12471, 12472, 12473, 12474, 12475, 12476, 12477, 12478, 12479, 12480, 12481, 12482, 12483, 12484, 12485, 12486, 12487, 12488, ...]","[226, 227, 228, 229]",15
137,1984/09/21-1984/10/07,National Bunraku Theatre,September 1984,[nan],"[473, 474, 475, 476]",15
138,1984/10/17-1984/10/25,Others,October 1984,[nan],"[477, 478, 479, 480]",116
139,1984/11/09-1984/11/25,National Bunraku Theatre,November 1984,[nan],"[481, 482, 483]",29
140,1984/12/11-1984/12/23,National Theatre of Japan,December 1984,"[11388, 11389, 11390, 11391, 11392, 11393, 11394, 11395, 11396, 11397, 11398, 11399, 11400, 11401, 11402, 11403, 11404, 11405, 11406, 11407, 11408, 11409, 11410, 11411, 11412, 11413, 11414, 11415, 11416, 11417, 11418, 11419, 11420, 11421, 11422, 11423, 11424, 11425, 11426, 11427, 11428, 11429, 11430, 11431, 11432, 11433, 11434, 11435, 11436, 11437, 11438, 11439, 11440, 45117, 45118, 45119, 46543, 46545, 46547, 46549, 46551, 46553, 46555, 46557, 46559, 46561, 46575, 46903, 46904, 46905, 51035, 51036, 51037, 51038, 51039, 51040, 51041, 51042, 51043, 51044, 51045, 51046, 51047, 51048, 51049, 51050, 51051, 51052, 51053, 51054, 51055, 51056, 51057, 51058, 51059, 51060, 51061, 51062, 51063, 51064, ...]","[484, 485]",80
142,1985/01/03-1985/01/24,National Theatre of Japan,January 1985,[nan],"[1, 489]",63
143,1985/02/16-1985/03/03,National Theatre of Japan,February 1985,"[11457, 11458, 11459, 11460, 11461, 11462, 11463, 11464, 11465, 11466, 11467, 11468, 11469, 11470, 11471, 11472, 11473, 11474, 11475, 11476, 11477, 11478, 11479, 11480, 11481, 11482, 11483, 11484, 11485, 11486, 11487, 11488, 11489, 11490, 11491, 11492, 11493, 11494, 11495, 11496, 11497, 11498, 11499, 11500, 11501, 11502, 11503, 11504, 11505, 11506, 11507, 11508, 11509, 11510, 11511, 11512, 11513, 11514, 11515, 11516, 11517, 11518, 11519, 11520, 11521, 11522, 11523, 11524, 11525, 11526, 11527, 11528, 11529, 11530, 11531, 11532, 11533, 11534, 11535, 11536, 11537, 11538, 11539, 11540, 11541, 11542, 11543, 11544, 11545, 11546, 11547, 11548, 11549, 11550, 11551, 11552, 11553, 11554, 11555, 11556, ...]","[490, 491, 492]",7
144,1985/04/07-1985/04/22,National Bunraku Theatre,April 1985,[nan],"[493, 494, 495, 496, 497, 498, 708]",42
145,1985/05/11-1985/05/26,National Theatre of Japan,May 1985,[nan],"[499, 500, 501, 502, 503, 504, 505, 709]",42
146,1985/06/05-1985/06/16,National Bunraku Theatre,June 1985,[61304],"[506, 507, 508, 509]",119
147,1985/07/06-1985/07/22,National Bunraku Theatre,July 1985,[nan],"[510, 511, 512]",71
148,1985/08/17-1985/09/01,National Theatre of Japan,August 1985,[nan],"[513, 514, 515, 516, 517]",58
149,1985/09/13-1985/09/29,National Bunraku Theatre,September 1985,[nan],"[518, 519, 520]",139
151,1985/11/15-1985/11/30,National Bunraku Theatre,November 1985,[nan],"[521, 522, 523, 524, 525]",16
152,1985/12/10-1985/12/20,National Theatre of Japan,December 1985 Bunraku Kanshō Kyōshitsu,[52313],[528],60
153,1986/01/03-1986/01/26,National Bunraku Theatre,January 1986,[nan],"[529, 530, 531, 532, 533, 534]",53
154,1986/02/15-1986/03/02,National Theatre of Japan,February 1986,[nan],"[535, 536, 537, 538]",24
155,1986/04/05-1986/04/20,National Bunraku Theatre,April 1986,[nan],[539],79
156,1986/05/10-1986/05/25,National Theatre of Japan,May 1986,[nan],[540],29
157,1986/07/05-1986/07/20,National Bunraku Theatre,July 1986,[nan],"[541, 542, 543, 544, 545, 546]",93
158,1986/08/01-1986/08/17,National Bunraku Theatre,"August 1986 National Bunraku Theatre, Osaka",[nan],"[547, 548, 549, 550, 551, 552]",9
159,1986/08/30-1986/09/15,National Theatre of Japan,"August 1986 National Theatre, Tokyo",[nan],[553],79
160,1986/10/03-1986/10/19,National Bunraku Theatre,October 1986,"[61620, 61621, 61622, 61623, 61624]","[557, 558, 559]",24
161,1987/01/03-1987/01/25,National Bunraku Theatre,January 1987,[nan],"[565, 566, 567, 568, 569, 570]",100
162,1987/02/07-1987/02/22,National Theatre of Japan,February 1987,"[52297, 52298, 52299, 52300, 52301, 52302]","[571, 572, 573]",76
163,1987/03/06-1987/03/22,Others,March 1987,[nan],"[574, 575, 576]",60
164,1987/04/03-1987/04/19,National Bunraku Theatre,April 1987,[nan],"[577, 710]",16
165,1987/06/03-1987/06/20,National Bunraku Theatre,June 1987 National Bunraku Theatre,[nan],[578],3
166,1987/07/03-1987/07/19,National Bunraku Theatre,July 1987,[nan],"[579, 580, 581, 582]",114
167,1987/08/03-1987/08/16,National Bunraku Theatre,August 1987,[nan],"[583, 584, 585, 586, 587]",70
168,1987/09/12-1987/09/27,National Theatre of Japan,September 1987,"[11779, 11780, 11781, 11782, 11783, 11784, 11785, 11786, 11787, 11788, 11789, 11790, 11791, 11792, 11793, 11794, 11795, 11796, 11797, 11798, 11799, 11800, 11801, 11802, 11803, 11804, 11805, 11806, 11807, 11808, 11809, 11810, 11811, 11812, 11813, 11814, 11815, 11816, 11817, 11818, 11819, 11820, 11821, 11822, 11823, 11824, 11825, 11826, 11827, 11828, 11829, 11830, 11831, 11832, 11833, 11834, 11835, 11836, 11837, 11838, 11839, 11840, 11841, 11842, 11843, 11844, 11845, 11846, 11847, 11848, 11849]","[588, 589, 590, 591, 592]",114
169,1987/11/03-1987/11/23,National Bunraku Theatre,November 1987,[nan],"[593, 594, 595]",90
170,1987/12/08-1987/12/18,National Theatre of Japan,December 1987 Bunraku Kanshō Kyōshitsu,[nan],[596],80
171,1987/12/08-1987/12/20,National Theatre of Japan,December 1987,[nan],"[597, 598]",36
172,1988/01/03-1988/01/24,National Bunraku Theatre,January 1988,[nan],"[599, 600, 601, 602, 603]",53
173,1988/02/06-1988/02/21,National Theatre of Japan,February 1988,[nan],"[604, 605, 606]",7
174,1988/03/03-1988/03/16,National Bunraku Theatre,March 1988,[nan],"[607, 608, 609, 610, 611, 612]",66
175,1988/04/03-1988/04/21,National Bunraku Theatre,April 1988,[nan],"[613, 614, 615, 616, 617]",142
176,1988/05/06-1988/05/22,National Theatre of Japan,May 1988,[nan],"[618, 619, 620, 621, 936]",66
177,1988/07/03-1988/07/20,National Bunraku Theatre,July 1988,[nan],"[622, 623, 624, 625]",22
178,1988/08/03-1988/08/16,National Bunraku Theatre,August 1988,[nan],"[626, 627, 628]",51
179,1988/11/03-1988/11/20,National Bunraku Theatre,November 1988,[nan],[629],26
180,1988/12/06-1988/12/18,National Theatre of Japan,December 1988,"[52363, 52364, 52365, 52367, 52368]",[630],63
181,1989/01/03-1989/01/25,National Bunraku Theatre,January 1989,[nan],"[631, 632, 633, 634, 635, 636, 637]",100
182,1989/02/10-1989/02/19,National Theatre of Japan,February 1989,[nan],"[638, 639, 640]",28
183,1989/03/03-1989/03/16,National Bunraku Theatre,March 1989,[nan],"[641, 642]",62
184,1989/04/03-1989/04/19,National Bunraku Theatre,April 1989,[nan],"[643, 937]",73
185,1989/08/03-1989/08/16,National Bunraku Theatre,August 1989,[nan],"[644, 645, 646]",161
186,1989/09/09-1989/09/24,National Theatre of Japan,September 1989,[nan],"[647, 648, 649]",18
187,1989/11/03-1989/11/20,National Bunraku Theatre,November 1989,[nan],"[650, 651, 652]",18
188,1989/12/07-1989/12/19,National Theatre of Japan,December 1989 ,[nan],"[653, 654]",62
189,1989/12/07-1989/12/19,National Theatre of Japan,December 1989 Bunraku Kanshō Kyōshitsu,[nan],[655],24
190,1990/01/03-1990/01/24,National Bunraku Theatre,January 1990,[nan],"[656, 657, 658, 659, 660, 661]",53
191,1990/07/08-1990/07/23,National Bunraku Theatre,July 1990,[nan],"[662, 663, 664, 736]",93
192,1991/01/03-1991/01/24,National Bunraku Theatre,October 1991,[nan],"[665, 666, 667, 668, 669]",100
193,1991/02/09-1991/02/24,National Theatre of Japan,February 1991,[nan],"[670, 671, 672]",94
194,1991/04/06-1991/04/25,National Bunraku Theatre,April 1991,[nan],"[673, 674, 675, 676]",95
195,1991/05/10-1991/05/28,National Theatre of Japan,May 1991,[nan],"[684, 685, 686, 687]",121
196,1992/01/03-1992/01/26,National Bunraku Theatre,January 1992,[nan],"[677, 678, 679, 680, 681, 682]",65
197,1979/09/08-1979/09/23,National Theatre of Japan,September 1979,"[9198, 9199, 9200, 9201, 9202, 9203, 9204, 9205, 9206, 9207, 9208, 9209, 9210, 9211, 9212, 9213, 9214, 9215, 9216, 9217, 9218, 9219, 9220, 9221, 9222, 9223, 9224, 9225, 9226, 9227, 9228, 9229, 9230, 9231, 9232, 9233, 9234, 9235, 9236, 9237, 9238, 9239, 9240, 9241, 9242, 9243, 9244, 9245, 9246, 9247, 9248, 9249, 9250, 9251, 9252, 9253, 9254, 9255, 9256, 9257, 9258, 9259, 9260, 9261, 9262, 9263, 9264, 9265, 9266, 9267, 9268, 9269, 9270, 9271, 9272, 9273, 9274, 9275, 9276, 9277, 9278, 9279, 9280, 9281, 9282, 9283, 9284, 9285, 9286, 9287, 9288, 9289, 9290, 9291, 9292, 9293, 9294, 9295, 9296, 9297, ...]","[325, 326, 327, 692]",60
198,1975/09/13-1975/09/27,National Theatre,September 1975,"[45004, 45009, 45019, 45447, 45449, 45451, 45455, 45457, 45561, 45563, 45564, 45565, 45566, 45567, 45571, 45583, 46738, 46746, 46747, 46762, 47704, 47705, 47706, 47707, 47708, 47709, 47710, 47711, 47712, 47713, 47714, 47715, 47716, 47717, 47718, 47823, 47824, 47825, 47826, 47827, 47828, 47829, 47830, 47831, 47832, 47833, 47834, 47835, 47836, 47837, 47838, 47839, 47840, 47841, 47842, 47843, 47844, 47845, 47846, 47847, 47848, 47849, 47850, 47851, 47852, 47925, 47927, 48123, 48124, 48125, 48126, 48127, 52567, 52568, 52569, 52570, 52571, 52572, 52573, 52574, 52575, 52576, 52577, 52578, 52579, 52580, 52581, 52582, 52583, 52584, 52585, 52586, 52587, 52588, 52589, 52590, 52591, 52592, 52593, 52594, ...]",[199],78
199,1976/05/15-1976/05/29,National Theatre of Japan,May 1976,"[45014, 45019, 45516, 45518, 45520, 45526, 45528, 45557, 45559, 45616, 45618, 45620, 45679, 46754, 46763, 47970, 47971, 47972, 47973, 47974, 47975, 47976, 47977, 47978, 47979, 47980, 47981, 47982, 47983, 47984, 47985, 47986, 47987, 47988, 47989, 47990, 47991, 47992, 47993, 47994, 47995, 47996, 47997, 47998, 47999, 48128, 48129, 48130, 48131, 48132, 48133, 48134, 48135, 48136, 48137, 48138, 48139, 48140, 48141, 48142, 48143, 54085, 54086, 54087, 54088, 54089, 54090, 54091, 54092, 54093, 54094, 54095, 54096, 54097, 54098, 54099, 54100, 54101, 54102, 54103, 54104, 54105, 54106, 54107, 54108, 54109, 54110, 54111, 54112, 54113, 54114, 54115, 54116, 54117, 54118, 54119, 54120, 54121, 54122, 54123, ...]","[218, 219, 220, 221]",15
200,1985/12/10-1985/12/22,National Theatre of Japan,December 1985,"[11103, 11104, 11105, 11106, 11107, 11108, 11109, 11110, 11111, 11112, 11113, 11114, 11115, 11116, 11117, 11118, 11119, 11120, 11121, 11122, 11123, 11124, 11125, 11126, 11127, 11128, 11129, 11130, 11131, 11132, 11133, 11134, 11135, 11136, 11137, 11138, 11139, 11140, 11141, 11142, 11143, 11144, 11145, 11146, 11147, 11148, 11149, 11150, 11151, 11152, 11153, 11154, 11155, 11156, 11157, 11158, 11159, 11160, 11161, 11162, 11163, 11164, 11165, 11166, 11167, 11168, 11169, 11170, 11171, 11172, 11173, 11174, 11175, 11176, 11177, 11178, 11179, 11180, 11181, 11182, 11183, 11184, 11185, 11186, 11187, 11188, 11189, 11190, 11191, 11192, 11193, 11194, 11195, 11196, 11197, 11198, 11199, 11200, 11201, 11202, ...]","[526, 527]",119
201,1977/07/29-1977/08/12,Others,July 1977 Tour,"[44981, 44982, 44986, 44987, 44988, 45221, 45222, 45223, 45224, 45225, 45226, 45227, 45228, 45229, 45230, 45231, 45232, 45233, 45234, 45235, 45236, 45237, 45238, 45372, 45373, 45374, 45375, 45377, 45379, 45381, 45382, 45383, 45384, 45385, 45387, 45389, 45391, 45393, 45395, 45397, 45398, 45399, 45401, 45403, 45405, 45406, 45407, 45409, 45411, 45413, 45415, 45426, 46715, 46716, 46717, 46720, 46721, 46722, 46726, 47041, 47075, 47076, 47077, 47078, 47079, 47080, 47081, 47082, 47083, 47084, 47085, 47086, 47087, 47088, 47089, 47090, 47092, 47104, 47105, 47106, 47107, 47108, 47109, 47110, 47111, 47112, 47113, 47114, 47115, 47116, 47117, 47118, 47119, 47120, 47121, 47122, 47123, 47124, 47125, 47126, ...]","[688, 689]",73
202,1978/12/11-1978/12/21,National Theatre of Japan,December 1978 Bunraku Kanshō Kyōshitsu,"[45032, 45033, 45720, 45722, 45724, 45726, 45728, 45729, 45730, 45732, 45734, 45736, 45738, 45740, 45742, 45744, 45746, 46784, 46785, 48477, 48478, 48479, 48480, 48481, 48482, 48483, 48484, 48485, 48486, 48487, 48488, 48489, 48490, 48491, 48492, 48493, 48494, 48495, 48496, 48497, 48498, 48499, 48500, 48501, 48502, 48503, 48504, 48505, 48506, 48507, 48508, 48509, 48510, 48511, 48512, 48513, 48514, 48515, 48516, 48517, 48518, 48519, 48520, 48521, 48522, 48523, 48524, 48525, 48526, 48527, 48528, 48529, 48530, 48531, 48532, 48533, 48534, 48535, 48536, 48537, 48538, 48539, 48540, 48541, 48542, 48543, 48544, 48545, 48546, 48547, 48548, 48549, 48550, 48551, 48552, 48553, 48554, 48555, 48556, 48557, ...]",[690],24
203,1977/12/12-1977/12/21,National Theatre of Japan,December 1977 Bunraku Kanshō Kyōshitsu,"[45051, 45947, 45949, 45951, 45953, 45955, 45957, 46825, 46826, 49070, 49071, 49072, 49073, 49074, 49075, 49076, 49077, 49078, 49079, 49080, 49081, 49082, 49083, 49084, 49085, 49086, 49087, 49088, 49089, 49090, 49091, 49092, 49093, 49094, 49095, 49096, 49097, 57243, 57244, 57245, 57246, 57247, 57248, 57249, 57250, 57251, 57252, 57253, 57254, 57255, 57256, 57257, 57258, 57259, 57260, 57261, 57262, 57263, 57264, 57265, 57266, 57267, 57268, 57269, 57270, 57271, 57272, 57273, 57274, 57275, 57276, 57277, 57278, 57279, 57280, 57281, 57282, 57283, 57284, 57285, 57286, 57287, 57288, 57289, 57290, 57291, 57292, 57293, 57294, 57295, 57296, 57297, 57298, 57299, 57300, 57301, 57302, 57303, 57304, 57305, ...]",[691],29
207,1984/12/11-1984/12/21,National Bunraku Theatre,December 1984 Bunraku Kanshō Kyōshitsu,"[11441, 11442, 11443, 11444, 11445, 11446, 11447, 11448, 11449, 11450, 11451, 11452, 11453, 11454, 11455, 11456, 45119, 45120, 46563, 46565, 46567, 46569, 46571, 46573, 46575, 46577, 46579, 46581, 46583, 46585, 46587, 46589, 46591, 46905, 46906, 51085, 51086, 51087, 51088, 51089, 51090, 51091, 51092, 51093, 51094, 51095, 51096, 51097, 51098, 51099, 51100, 51101, 51102, 51103, 51104, 51105, 51106, 51107, 51108, 51109, 51110, 51111, 51112, 51113, 51114, 51115, 51116, 51117, 51118, 51121, 51122, 51123, 51124, 51125, 51126, 51127, 51128, 51129, 51130, 51131, 51132, 51133, 51134, 51135, 51136, 51137, 51138, 51139, 51140, 51141, 51142, 51143, 51144, 51145, 51146, 51147, 51148, 51149, 51150, 51151, ...]",[697],24
208,1980/12/09-1980/12/21,National Theatre of Japan,December 1980,"[11953, 11954, 11955, 11956, 11957, 11958, 11959, 11960, 11961, 11962, 11963, 11964, 11965, 11966, 11967, 11968, 11969, 11970, 11971, 11972, 11973, 11974, 11975, 11976, 11977, 11978, 11979, 11980, 11981, 11982, 11983, 11984, 11985, 11986, 11987, 11988, 11989, 11990, 11991, 11992, 11993, 11994, 11995, 11996, 11997, 11998, 11999, 12000, 12001, 12002, 12003, 12004, 12005, 12006, 12007, 12008, 12009, 12010, 12011, 12012, 12013, 12014, 12015, 12016, 12017, 12018, 12019, 12020, 12021, 12022, 12023, 12024, 12025, 12026, 12027, 12028, 12029, 12030, 12031, 12032, 12033, 12034, 12035, 12036, 12037, 12038, 12039, 12040, 12041, 12042, 12043, 12044, 12045, 12046, 12047, 12048, 12049, 12050, 12051, 12052, ...]","[699, 700]",16
209,1977/11/02-1977/11/05,Others,November 1977,[nan],[702],63
210,1990/03/10-1990/03/11,Others,March 1990,[nan],"[703, 704, 705, 706]",34
211,1990/02/10-1990/02/25,National Theatre of Japan,February 1990,[nan],"[711, 712, 725]",5
212,1997/02/24-1997/02/25,Others,February 1997 Kioi Hall,[nan],[713],27
213,1984/06/08-1984/06/20,National Bunraku Theatre,June 1984 Bunraku Kanshō Kyōshitsu,[nan],[714],24
214,1988/05/25-1988/05/29,Others,May 1988 Harajuku Bunraku,[nan],[716],62
215,1987/06/17-1987/06/21,Others,June 1987 Harajuku Bunraku,[nan],[715],3
216,1988/12/06-1988/12/16,National Bunraku Theatre,December 1988 Bunraku Kanshō Kyōshitsu,[52366],[717],60
217,1989/07/03-1989/07/19,National Bunraku Theatre,July 1989,[nan],"[722, 723, 724]",121
218,1990/04/06-1990/04/24,National Bunraku Theatre,April 1990,[nan],"[728, 729, 730, 731]",42
219,1990/05/12-1990/05/27,National Bunraku Theatre,May 1990,[nan],"[732, 733, 734, 735]",30
220,1990/08/07-1990/08/19,National Bunraku Theatre,August 1990,[nan],"[738, 739, 740]",173
221,1990/09/08-1990/09/23,National Theatre of Japan,September 1990,[nan],[741],110
222,1990/11/10-1990/11/27,National Bunraku Theatre,November 1990,[nan],"[742, 743, 744]",41
223,1990/12/06-1990/12/18,National Theatre of Japan,December 1990,[nan],"[745, 746, 747]",53
224,1990/12/06-1990/12/18,National Theatre of Japan,December 1990 Bunraku Kanshō Kyōshitsu,[nan],[748],80
225,1991/07/07-1991/07/21,National Bunraku Theatre,July 1991,[nan],"[749, 750, 751]",11
226,1991/07/30-1991/08/14,National Bunraku Theatre,August 1991,[nan],"[752, 753, 754, 755]",154
227,1991/09/05-1991/09/23,National Theatre of Japan,September 1991,[nan],[756],62
228,1991/11/10-1991/11/28,National Bunraku Theatre,November 1991,[nan],"[757, 758, 759]",36
229,1991/12/05-1991/12/17,National Theatre of Japan,December 1991,[nan],"[760, 761, 762]",75
230,1991/12/05-1991/12/17,National Theatre of Japan,December 1991 Bunraku Kanshō Kyōshitsu,[nan],[763],35
231,1991/04/05-1991/04/21,National Bunraku Theatre,April 1992,[nan],[764],29
232,1992/05/09-1992/05/24,National Theatre of Japan,May 1992,[nan],"[765, 766, 767, 768, 769]",68
233,1992/07/05-1992/07/21,National Bunraku Theatre,July 1992,[nan],"[770, 771, 772, 773, 774]",77
234,1992/08/01-1992/08/17,National Bunraku Theatre,August 1992,[nan],"[775, 776, 777, 778]",145
236,1992/09/05-1992/09/20,National Theatre of Japan,September 1992,[nan],[779],27
237,1992/11/07-1992/11/25,National Bunraku Theatre,November 1992,[nan],"[780, 781, 782, 783, 784]",2
238,1993/01/03-1993/01/25,National Bunraku Theatre,January 1993,[nan],"[785, 786, 787, 788]",100
239,1993/02/06-1993/02/21,National Theatre of Japan,February 1993,[nan],"[789, 790, 791]",7
240,1993/04/03-1993/04/25,National Bunraku Theatre,April 1993,[nan],[792],16
241,1993/05/08-1993/05/23,National Theatre of Japan,May 1993,[nan],[793],16
242,1993/07/28-1993/08/18,National Bunraku Theatre,August 1993,[nan],"[794, 795, 796, 797]",162
243,1993/09/04-1993/09/19,National Theatre of Japan,September 1993,[nan],"[798, 799, 800, 801]",71
244,1993/11/06-1993/11/26,National Bunraku Theatre,November 1993,[nan],"[802, 803, 804, 805, 806, 807]",73
245,1993/12/07-1993/12/19,National Theatre of Japan,December 1993,[nan],"[808, 809, 810]",98
246,1993/12/07-1993/12/19,National Theatre of Japan,December 1993 Bunraku Kanshō Kyōshitsu,[nan],[811],33
247,1994/01/03-1994/01/26,National Bunraku Theatre,January 1994,[nan],"[812, 813, 814, 815, 816]",120
248,1994/02/05-1994/02/20,National Theatre of Japan,February 1994,[nan],"[817, 818, 819]",76
249,1994/04/02-1994/04/24,National Bunraku Theatre,April 1994,[nan],"[820, 821]",79
250,1994/07/31-1994/18/22,National Bunraku Theatre,August 1994,[nan],"[823, 824, 825]",51
251,1994/09/10-1994/09/25,National Theatre of Japan,September 1994,[nan],"[826, 827, 828, 829]",22
252,1994/11/05-1994/11/27,National Bunraku Theatre,November 1994,[nan],[830],63
253,1994/12/06-1994/12/18,National Theatre of Japan,December 1994,[nan],"[831, 832, 833]",77
254,1994/12/06-1994/12/18,National Theatre of Japan,December 1994 Bunraku Kanshō Kyōshitsu,[nan],[834],80
255,1995/01/03-1995/01/25,National Bunraku Theatre,January 1995,[nan],"[835, 836, 837, 838, 839]",42
256,1995/02/04-1995/02/19,National Theatre of Japan,February 1995,[nan],"[840, 841, 842]",24
257,1995/04/01-1995/04/23,National Bunraku Theatre,April 1995,[nan],"[843, 844, 845]",30
258,1995/05/13-1995/0528,National Theatre of Japan,May 1995,[nan],"[846, 847, 848]",19
259,1995/07/29-1995/08/20,National Bunraku Theatre,August 1995,[nan],"[849, 850, 851]",44
260,1995/09/09-1995/09/24,National Theatre of Japan,September 1995,[nan],"[852, 853, 854, 855]",36
261,1996/01/03-1996/01/25,National Bunraku Theatre,January 1996,[nan],"[856, 857, 858, 859, 860, 861, 938]",53
262,1996/04/06-1994/04/26,National Bunraku Theatre,April 1996,[nan],"[862, 863, 864, 865]",19
263,1996/07/20-1996/08/11,National Bunraku Theatre,July 1996,[nan],"[866, 867, 868, 869, 870]",175
264,1996/09/07-1996/09/23,National Theatre of Japan,September 1996,[nan],[871],73
265,1997/01/03-1997/01/26,National Bunraku Theatre,January 1997,[nan],"[872, 873, 874, 875, 876, 877]",100
266,1997/02/08-1997/02/23,National Theatre of Japan,February 1997,[nan],"[878, 879, 880, 881]",41
267,1997/04/05-1997/04/27,National Bunraku Theatre,April 1997,[nan],[882],62
268,1997/09/06-1997/09/21,National Theatre of Japan,September 1997,[nan],"[883, 884, 885, 886, 887]",48
269,1997/12/04-1997/12/16,National Theatre of Japan,December 1997,[nan],[888],63
270,1997/12/04-1997/12/16,National Theatre of Japan,December 1997 Bunraku Kanshō Kyōshitsu,[nan],"[889, 943]",24
271,1998/01/03-1998/01/25,National Bunraku Theatre,January 1998,[nan],"[890, 891, 892, 893, 894]",66
272,1998/04/04-1998/04-26,National Bunraku Theatre,April 1998,[nan],"[895, 896, 897, 898, 899]",42
273,1998/05/09-1998/05/24,National Theatre of Japan,May 1998,[nan],"[900, 939]",29
274,1998/09/05-1998/09/20,National Theatre of Japan,September 1998,[nan],"[901, 902, 903, 904, 940]",83
275,1998/11/01-1998/11/23,National Bunraku Theatre,November 1998,[nan],[905],63
276,1998/12/04-1998/12/16,National Theatre of Japan,December 1998,[nan],[906],63
277,2000/07/22-2000/08/13,National Bunraku Theatre,July 2000,[nan],"[907, 908, 909, 910, 911]",9
278,2000/11/04-2000/11/26,National Bunraku Theatre,November 2000,[nan],"[912, 913]",18
279,2000/12/05-2000/12/17,National Theatre of Japan,December 2000,[nan],[914],78
280,2000/12/05-2000/12/17,National Theatre of Japan,December 2000 Bunraku Kanshō Kyōshitsu,[nan],"[915, 916]",119
281,2001/04/07-2001/04/29,National Bunraku Theatre,April 2001,[nan],"[917, 918, 919, 920]",30
282,2001/07/21-2001/08/12,National Bunraku Theatre,July/August 2001,[nan],"[921, 922, 923, 924, 925]",154
283,1972/09/26-1972/10/24,National Theatre of Japan,September 1972 Bunraku Kyōshitsu,[nan],[926],35
284,1980,n/a,Marty Gross Film Production,"[9492, 9493, 9494, 9495, 9496, 9497, 9498, 9499, 9500, 9501, 9502, 9503, 9504, 9505, 9506, 9507, 9508, 9509, 9510, 9511, 9512, 9513, 9514, 9515, 9516, 9517, 9518, 9519, 9520, 9521, 9522, 9523, 9524, 9525, 9526, 9527, 9528, 9529, 9530, 9531, 9532, 9533, 9534, 9535, 9536, 9537, 9538, 9539, 9540, 9541, 9542, 9543, 9544, 9545, 9546, 9547, 9548, 9549, 9550, 9551, 9552, 9553, 9554, 61322]",[929],7
285,1971/09/12-1971/09/19,National Theatre of Japan,September 1971 Bunraku Kanshō Kyōshitsu,[nan],[941],3
286,1970/08/22-1970/09/01,Asahiza,August 1970,[52143],"[942, 975, 976]",31
287,1986/06/05-1986/06/23,National Bunraku Theatre,June 1986 Bunraku Kanshō Kyōshitsu,[nan],"[944, 945]",72
289,1986/12/12-1986/12/20,National Theatre of Japan,December 1986 Bunraku Kanshō Kyōshitsu,[nan],[946],3
290,1987/05/09-1987/05/24,National Theatre of Japan,May 1987,[nan],"[947, 948]",16
291,1988/03/02-1988/04/28,Others,March/April 1988 Tour,[nan],"[949, 950, 951]",75
292,1996/02/10-1996/02/25,National Theatre of Japan,February 1996,[nan],"[952, 953, 954, 966]",40
293,2002/01/03-2002/01/25,National Bunraku Theatre,January 2002,[nan],"[955, 956, 957, 958, 959]",42
294,2002/04/06-2002/04/28,National Bunraku Theatre,April 2002,[nan],[965],73
295,2002/07/20-2002/08/11,National Bunraku Theatre,July/August 2002,[nan],"[960, 961, 962, 963, 964]",184
296,1973/02/19,Others,February 1973 Bunkyo Public Hall,[nan],"[967, 968]",186
297,1996/03/03-1996/03/27,Others,March 1996 Tour,[nan],"[969, 970, 971, 972]",66
298,1967/10/02,National Theatre of Japan,October 1967,[nan],"[973, 974]",70
299,1982/12/07-1982/12/17,National Theatre of Japan,December 1982,[nan],[977],29
300,2003/05/10-2003/05/25,National Theatre of Japan,May 2003,[nan],[978],187
301,1992/12/04-1992/12/16,National Theatre of Japan,December 1992,[nan],[979],40
302,1969/09/19-1969/09/20,National Theatre of Japan,September 1969 Kōkōsei no tame no Bunraku Kyōshitsu,[nan],[982],60
303,1971/09/12-1971/09/19,National Theatre of Japan,September 1971 Kōkōsei no tame no Bunraku Kyōshitsu,[nan],[983],3
304,1973/11/11-1973/11/18,National Theatre of Japan,November 1973 Kōkōsei no tame no Bunraku Kyōshitsu,[nan],[984],77
