description,image_id,label_eng,label_ka,notes,sort_ja,id
nan,"[44990, 45057, 45216, 46025, 46834, 47367, 47368, 47369, 47370, 47371, 49248, 49249, 56319, 56320, 56321, 56322, 56350, 56351, 56352, 56353, 56354, 56355]",Asahi Theater,朝日座,,あさひざ,1
High wooden clogs worn on stage by head puppeteers.,"[44981, 44986, 45010, 45017, 45024, 45050, 45057, 45071, 45112, 45115, 45300, 45327, 45335, 45339, 45382, 45384, 45492, 45493, 45928, 45940, 46013, 46015, 46018, 46019, 46160, 46477, 46515, 46517, 46535, 46537, 46715, 46720, 46748, 46759, 46773, 46823, 46824, 46833, 46861, 46898, 46901, 47050, 47093, 47238, 47239, 47240, 47241, 47468, 47469, 47470, 47871, 47872, 48241, 48249, 48250, 48255, 49065, 49066, 49067, 49068, 49069, 49226, 49227, 49230, 49236, 49237, 49238, 49239, 49240, 49683, 49684, 49687, 49688, 50887, 50888, 50889, 50890, 50975, 50976, 50977, 51023, 51024, 52262, 52501, 52606, 52607, 52640, 53010, 53036, 54850, 54851, 54852, 54853, 54854, 54855, 54981, 55810, 55911, 56274, 56304, ...]",Butai geta [high wooden clogs],舞台下駄,,ぶたいげた,2
"Body, torso, or framework of puppets.","[44978, 45071, 45235, 45244, 45246, 46033, 46155, 46156, 46157, 46712, 46717, 46720, 46836, 46861, 47007, 47008, 47009, 47010, 47157, 47242, 47243, 47244, 47245, 47433, 49225, 49262, 49263, 49649, 49650, 49653, 49654, 49655, 49656, 49657, 49658, 49659, 49660, 49661, 49662, 52471, 52482, 52483, 52484, 52485, 52486, 55910, 56456, 56457, 56458, 58278, 58280, 61632, 61636, 61637, 61638, 61639, 61641, 61980, 61981, 64511]",Dō [body],胴,,どう,3
nan,"[44990, 44992, 44993, 44997, 44998, 45000, 45001, 45015, 45017, 45024, 45054, 45112, 45306, 45308, 45310, 45312, 45314, 45318, 45357, 45359, 45361, 45363, 45369, 45472, 45473, 45474, 45476, 45503, 45505, 45506, 45507, 45509, 45510, 45512, 45513, 45593, 45595, 45600, 45601, 45602, 45603, 45604, 45990, 45992, 45994, 46013, 46017, 46039, 46479, 46724, 46731, 46732, 46734, 46735, 46736, 46738, 46748, 46755, 46759, 46833, 46836, 46898, 47342, 47343, 47344, 47345, 47346, 47347, 47348, 47349, 47350, 47351, 47352, 47353, 47354, 47355, 47356, 47357, 47358, 47360, 47361, 47424, 47425, 47426, 47427, 47428, 47554, 47564, 47570, 47616, 47617, 47618, 47646, 47647, 47648, 47650, 47651, 47652, 47655, 47656, ...]",Dressing room,楽屋,,がくや,4
Small room over stage-right entrance occupied by offstage musicians.,"[11630, 11633, 44982, 44997, 45004, 45005, 45268, 45304, 45325, 45327, 45431, 45433, 45445, 45460, 46667, 46713, 46716, 46724, 46740, 46913, 47104, 47105, 47558, 47559, 47560, 47561, 47562, 47563, 47700, 47701, 47702, 47703, 47733, 47734, 47735, 51571, 52540, 52541, 52542, 52543, 52544, 52545, 52546, 52662, 52663, 52664, 52665, 52666, 52667, 52668, 52669, 52670, 52671, 52672, 54870, 54993, 56256, 56257, 57878, 57879, 57880, 57885, 57886, 60712, 60713, 61127, 61187, 61272, 61672, 61965, 61977, 64524]",Geza [room for offstage musicians],下座あるいは囃子部屋,,げざ,5
nan,"[45050, 45114, 45115, 45288, 45292, 45936, 45938, 46505, 46507, 46509, 46511, 46521, 46523, 46726, 46729, 46742, 46821, 46822, 46823, 46900, 46901, 47168, 47409, 47512, 47514, 47767, 47768, 47777, 47778, 49037, 49042, 49051, 49060, 49061, 49062, 49063, 50948, 50949, 50951, 50952, 50957, 50958, 50959, 50960, 50961, 50962, 50989, 50990, 50991, 52436, 52437, 52454, 52462, 52468, 52828, 52829, 52836, 52839, 52840, 52841, 52842, 52843, 52844, 52845, 52846, 52848, 52849, 53019, 53962, 54875, 54876, 54880, 54881, 56048, 56049, 56413, 56415, 56416, 60722, 60723, 61130, 61138, 61177, 61186, 61218, 61235]","Hishida Kōji, Keeper of heads",菱田宏治,,ひしだこうじ,6
nan,"[44992, 45058, 45114, 45116, 45250, 45258, 45349, 45353, 46505, 46539, 46541, 46726, 46900, 46902, 47413, 47414, 47421, 47422, 47423, 50947, 51029, 51030, 51031, 51034, 52562, 55878, 55879, 55880, 55882, 55884, 55885, 55886, 56506, 56517, 56518, 56520, 56522, 56523, 56526, 56527, 56528, 56530, 56531, 61131, 62222, 62223]","Ishibashi Osamu, Costume director",石橋長武,,いしばしおさむ,7
nan,"[44979, 44985, 44986, 44987, 44988, 44989, 44994, 44995, 44999, 45000, 45007, 45013, 45017, 45030, 45049, 45050, 45054, 45058, 45071, 45112, 45113, 45114, 45115, 45222, 45224, 45225, 45226, 45227, 45228, 45232, 45234, 45235, 45236, 45269, 45272, 45274, 45278, 45280, 45282, 45288, 45292, 45294, 45306, 45312, 45314, 45406, 45416, 45417, 45418, 45419, 45420, 45422, 45423, 45424, 45484, 45485, 45486, 45489, 45491, 45493, 45495, 45503, 45505, 45511, 45707, 45708, 45709, 45710, 45711, 45712, 45713, 45715, 45716, 45928, 45930, 45932, 45934, 45936, 45938, 45990, 46029, 46156, 46157, 46158, 46160, 46487, 46489, 46491, 46493, 46495, 46497, 46499, 46501, 46505, 46507, 46509, 46511, 46521, 46523, 46713, ...]",Puppet head,かしら,,かしら,8
nan,"[8859, 11637, 11638, 45050, 45058, 45218, 45219, 45220, 45302, 45926, 46037, 46517, 46724, 46821, 47359, 47495, 47496, 47497, 47498, 47499, 47500, 47501, 47502, 47503, 47506, 47507, 49034, 49035, 49271, 50979, 52481, 52627, 52673, 52674, 54855, 54888, 54889, 56246, 56247, 56248, 56249, 56250, 56251, 56252, 56253, 57529, 57530, 57531, 57533, 57535, 57538, 57539, 57540, 57541, 57542, 57543, 57544, 57545, 57546, 57547, 57548, 57549, 57550, 57551, 57552, 57553, 57554, 57555, 57556, 57897, 57898, 57899, 57986, 57987, 57988, 57989, 58044, 58230, 58231, 58232, 58233, 58234, 58294, 58295, 60684, 61133, 61174, 61180, 61198, 61269, 61412, 61660, 61811, 61812]",Props,小道具,,こどうぐ,9
Hourglass-shaped drum played at shoulder level with the hand.,"[9067, 9068, 9069, 9070, 9100, 9104, 9107, 9108, 9109, 9110, 9111, 9112, 9113, 9114, 9115, 9116, 9117, 9118, 9119, 9120, 9121, 9122, 9124, 9125, 9135, 9136, 9139, 9140, 9143, 9151, 9170, 9171, 9172, 9173, 9185, 9186, 12857, 12862, 12863, 12864, 12865, 12866, 12867, 12868, 12870, 12981, 12985, 13044, 13078, 45004, 45068, 45304, 45433, 45445, 45460, 46135, 46137, 46856, 46857, 47702, 47703, 49556, 49557, 49558, 49559, 49562, 49568, 49569, 51776, 51793, 51794, 52355, 52670, 54995, 54997, 54999, 55000, 59133, 59134, 59135, 61977, 62206, 62207, 62208, 62209, 62210]",Kotsuzumi [hourglass-shaped drum],小鼓,,こつづみ,10
Cue book listing puppeteer assignments and groupings.,"[13300, 13301, 13318, 13319, 13320, 44980, 45010, 45017, 45050, 45238, 45353, 45367, 45513, 45928, 45944, 46173, 46712, 46748, 46821, 47011, 47069, 47885, 47886, 47887, 49038, 49039, 49111, 49754, 49755, 52490, 52491, 52492, 52493, 53028, 53032, 54869, 56539, 56540, 56541, 56542, 56543, 56544, 56545, 56546, 56547, 56548, 56549, 56550, 60727, 60737]",Kowari-chō/Kowari [cue book],小割帳,,こわりちょう,11
nan,"[44983, 44985, 44992, 44994, 45007, 45050, 45114, 45276, 45284, 45286, 45292, 45294, 45308, 45349, 45365, 45484, 45485, 45486, 45934, 46505, 46507, 46509, 46511, 46717, 46719, 46726, 46728, 46729, 46731, 46742, 46822, 46823, 46900, 47162, 47163, 47164, 47165, 47166, 47167, 47169, 47170, 47171, 47172, 47173, 47229, 47230, 47231, 47234, 47235, 47236, 47410, 47411, 47412, 47458, 47508, 47509, 47511, 47512, 47516, 47564, 47707, 47765, 47766, 47769, 47772, 47773, 47774, 47775, 47776, 47779, 47780, 49052, 49053, 49054, 49055, 49056, 49059, 49064, 50950, 50953, 50954, 50955, 50957, 50958, 50959, 50960, 50961, 50962, 50963, 50964, 52427, 52428, 52429, 52430, 52431, 52432, 52433, 52434, 52438, 52452, ...]","Nakoshi Shōji, Wig master",名越昭司,,なこししょうじ,12
Attaching puppet head and kimono to the puppet's framework.,"[11779, 11780, 11781, 11782, 11783, 11784, 11785, 11786, 11787, 11788, 11789, 11790, 11791, 11792, 11793, 11794, 11795, 11796, 11797, 11798, 11799, 11800, 11801, 11802, 11803, 11804, 11805, 11806, 11807, 11808, 11809, 11810, 11811, 11812, 11813, 11814, 11815, 11816, 11817, 11818, 11819, 11820, 11821, 11822, 11823, 11824, 11825, 11826, 11827, 11828, 11829, 11830, 11831, 11832, 11833, 11834, 11835, 11836, 11837, 11838, 11839, 11840, 11841, 11842, 11843, 11844, 11845, 11846, 11847, 11848, 11849, 44993, 44997, 45001, 45007, 45010, 45015, 45054, 45057, 45058, 45244, 45246, 45248, 45252, 45254, 45296, 45298, 45316, 45318, 45483, 45487, 45990, 45992, 45994, 46031, 46726, 46727, 46727, 46731, 46735, ...]",Puppet costuming,人形拵え,,にんぎょうごしらえ,13
nan,"[44983, 44992, 45058, 45114, 45115, 45116, 45250, 45256, 46041, 46503, 46519, 46537, 46539, 46541, 46717, 46837, 46900, 46901, 46902, 47137, 47139, 47415, 47416, 49275, 49276, 49277, 50943, 50983, 51026, 51028, 51032, 51033, 55875, 55876, 55877, 56521, 56524, 56525, 56529, 61131, 61926]","Uehara Tsuruko, Seamstress",うえはらつるこ,,うえはらつるこ,14
nan,"[44983, 44992, 45007, 45284, 45286, 45288, 45349, 45484, 45485, 45486, 45934, 46505, 46507, 46511, 46717, 46726, 46742, 46822, 46823, 47160, 47161, 47162, 47163, 47164, 47165, 47166, 47167, 47169, 47170, 47171, 47172, 47173, 47410, 47411, 47412, 47765, 47766, 47769, 47772, 47773, 47774, 47775, 47776, 47779, 47780, 49052, 49053, 49054, 49055, 49056, 49059, 49064, 50950, 50953, 50954, 50955, 50964, 50965, 52427, 52428, 52429, 52430, 52431, 52432, 52433, 52434, 52438, 52452, 52453, 52455, 52457, 52458, 52460, 52463, 52464, 52465, 52466, 52469, 52821, 52822, 52823, 52824, 52825, 52828, 52829, 52830, 52831, 52832, 52833, 52835, 52836, 52837, 52838, 55956, 55957, 55958, 55959, 55960, 55961, 55962, ...]",Wig,かづら,,かづら,15
Chanter or reciter.,"[8337, 8374, 8375, 8376, 8378, 8379, 8380, 8437, 8469, 8470, 8588, 8589, 8664, 8821, 8822, 8823, 9054, 9055, 9056, 9106, 9194, 9195, 9569, 9570, 9571, 9572, 9573, 9574, 9575, 9576, 9577, 9578, 9579, 9580, 9581, 9582, 9583, 9584, 9585, 9586, 9587, 9588, 9589, 9590, 9591, 9592, 9593, 9594, 9595, 9596, 9597, 9598, 9599, 9600, 9601, 9602, 9603, 9604, 9605, 9606, 9607, 9608, 9609, 9610, 9611, 9612, 9613, 9614, 9615, 9616, 9617, 9618, 9619, 9621, 9628, 9665, 9667, 9669, 9715, 9999, 10000, 10100, 10190, 10370, 10790, 10791, 11366, 11523, 11640, 11641, 11642, 11643, 11644, 11645, 11646, 11647, 11648, 11649, 11650, 11651, ...]",Narrator,太夫,,たゆう,16
Three stringed musical instrument.,"[8374, 8377, 8379, 8380, 8437, 8469, 8470, 8588, 8589, 8664, 8821, 8822, 8823, 9054, 9055, 9056, 9105, 9569, 9570, 9571, 9572, 9573, 9574, 9575, 9576, 9577, 9578, 9579, 9580, 9581, 9582, 9583, 9584, 9585, 9586, 9587, 9588, 9589, 9590, 9591, 9592, 9593, 9594, 9595, 9596, 9597, 9598, 9599, 9600, 9601, 9602, 9603, 9604, 9605, 9606, 9607, 9608, 9609, 9610, 9611, 9612, 9613, 9614, 9615, 9616, 9617, 9618, 9619, 9621, 9628, 9633, 9635, 9637, 9639, 9643, 9653, 9655, 9657, 9659, 9662, 9665, 9667, 9669, 9715, 9999, 10000, 10100, 10190, 10370, 11366, 11640, 11641, 11642, 11643, 11644, 11645, 11646, 11647, 11648, 11649, ...]",Shamisen player,三味線,,しゃみせん,17
nan,"[11637, 44979, 44980, 44982, 44986, 44987, 45057, 45406, 45431, 45443, 46015, 46477, 46479, 46481, 46513, 46515, 46714, 46715, 46716, 46720, 46722, 46728, 47053, 47054, 47066, 47067, 47068, 47237, 47242, 47243, 47244, 47245, 47246, 47285, 47286, 47359, 47460, 47461, 47463, 47464, 47465, 47466, 47467, 47468, 47469, 47470, 47471, 47472, 47555, 47556, 47557, 47565, 47566, 47567, 47568, 47569, 48174, 48237, 48238, 48239, 48240, 48241, 48242, 48243, 48244, 48245, 48246, 48247, 48248, 48249, 48250, 48251, 48252, 48253, 48254, 48255, 48256, 48257, 49230, 50887, 50888, 50889, 50890, 50892, 50893, 50897, 50898, 50899, 50900, 50901, 50902, 50903, 50904, 50905, 50906, 50907, 50908, 50909, 50910, 50966, ...]",Backstage,舞台裏,,ぶたいうら,18
nan,"[8295, 8386, 8388, 8391, 8392, 8393, 8394, 8395, 8396, 8397, 8402, 8409, 8426, 8427, 8428, 8429, 8768, 8769, 8784, 9196, 9197, 9268, 9340, 9341, 9342, 9343, 9344, 9346, 9347, 9348, 9368, 9371, 9373, 9376, 9377, 9499, 9502, 9504, 9505, 9506, 9523, 9524, 9536, 9541, 9542, 9547, 9552, 9627, 10274, 10275, 10276, 10283, 10284, 10293, 10295, 10297, 10301, 10302, 10303, 10311, 10312, 10313, 10314, 10315, 10316, 10317, 10320, 10321, 10322, 10323, 10324, 10326, 10329, 10331, 10332, 10333, 10334, 10335, 10336, 10337, 10339, 10341, 10344, 10345, 10346, 10347, 10353, 10354, 10357, 10359, 10361, 10362, 10363, 10364, 10365, 10366, 10367, 10368, 10369, 10835, ...]",Rehearsal,舞台稽古,Used sparingly since all the performance photographs were taken during rehearsals. Used only for photographs where director and senior performers direct or train juniors during rehearsals and/or left-arm and leg manupulators appear without hoods on stage.,ぶたいけいこ,19
nan,"[44994, 44999, 45030, 45112, 45113, 45224, 45226, 45232, 45234, 45236, 45365, 45707, 45708, 45709, 45710, 45711, 45712, 45713, 45714, 45715, 45716, 46487, 46489, 46491, 46493, 46495, 46497, 46499, 46501, 46728, 46733, 46779, 46780, 46781, 46782, 46783, 46898, 46899, 47453, 47458, 47478, 47479, 47480, 47481, 47482, 47483, 47484, 47631, 47632, 47633, 47634, 47635, 47636, 47637, 47638, 47639, 47645, 48416, 48417, 48418, 48419, 48420, 48421, 48422, 48423, 48424, 48425, 48426, 48427, 48428, 48429, 48430, 48431, 48432, 48435, 48436, 48437, 48442, 48443, 48444, 48446, 48447, 48448, 48449, 48450, 48451, 48452, 48453, 48454, 48455, 48458, 48460, 48461, 48462, 48463, 48465, 48466, 48467, 48468, 48470, ...]","Ōe Minosuke, Carver of heads",大江巳之助,,おおえみのすけ,20
A wooden panel with performer names indicating whether the performer has arrived.,"[45049, 45942, 46819, 49024, 49025, 49026, 49027, 49028, 52423, 52424, 56321]",Chakutōban,着到板あるいは到着板,,ちゃくとうばん,21
nan,"[13317, 13318, 13319, 13320, 13321, 44980, 44981, 44986, 44997, 45005, 45015, 45112, 45115, 45116, 45195, 45211, 45213, 45329, 45331, 45335, 45337, 45398, 45406, 45407, 45409, 45411, 45413, 45415, 45426, 45430, 45431, 45432, 45433, 45435, 45436, 45437, 45439, 45441, 45447, 45449, 45453, 45458, 46479, 46481, 46483, 46485, 46487, 46517, 46523, 46525, 46527, 46529, 46531, 46533, 46667, 46669, 46714, 46715, 46720, 46731, 46739, 46740, 46755, 46898, 46901, 46902, 46913, 46914, 47048, 47050, 47053, 47055, 47056, 47057, 47058, 47059, 47060, 47061, 47062, 47063, 47064, 47066, 47067, 47068, 47078, 47079, 47080, 47081, 47082, 47083, 47084, 47085, 47086, 47238, 47239, 47240, 47247, 47248, 47565, 47566, ...]","Wing, from",舞台そでからの写真,,ぶたいそでからのしゃしん,22
nan,"[45152, 45154, 45156, 45158, 45160, 45161, 45162, 45292, 45294, 45365, 46735, 47094, 47095, 47096, 47097, 47098, 47099, 47100, 47101, 47102, 47103, 47458, 47460, 47461, 47472, 47504, 47505, 47506, 47510, 47512, 47515, 47516, 47681, 47682, 47683, 47685, 50956, 50957, 50958, 50959, 50960, 50961, 50962, 52147, 52148, 52149, 52150, 52151, 52162, 52163, 52165, 52166, 52167, 52168, 52169, 52170, 52171, 52172, 52173, 52174, 52175, 52176, 52177, 52178, 52179, 52180, 52181, 52182, 52183, 52184, 55912, 55955, 56580, 56581, 56582, 56583, 56584, 56585, 56586, 56587, 56588, 56589, 56590, 56591, 56592, 56593, 56594, 56595, 56596, 56597, 56598, 56599, 56600, 56601, 56602, 56603, 56604, 56605, 56606, 56607, ...]",Tour,ツアー,,つあー,23
nan,"[8311, 8324, 8325, 8326, 8327, 8328, 8332, 8335, 8336, 8339, 8343, 8355, 8356, 8358, 8369, 8370, 9057, 9058, 9059, 9120, 9121, 9122, 9123, 9133, 9134, 9151, 9165, 9166, 9167, 9177, 9178, 9179, 9180, 9181, 9182, 9183, 9184, 10010, 10012, 10013, 10055, 10057, 10059, 10060, 10061, 10062, 10064, 10065, 10066, 10067, 10068, 10069, 10070, 10071, 10072, 10073, 10074, 10077, 10078, 10082, 10083, 10896, 10981, 10982, 10983, 10999, 11000, 11001, 11106, 11108, 11109, 11110, 11111, 11112, 11159, 11160, 11161, 11457, 11458, 11476, 11478, 12063, 12064, 12065, 12216, 12217, 12218, 12219, 12220, 12221, 12224, 12225, 12226, 12227, 12238, 12239, 12240, 12241, 12242, 12243, ...]",Animal,動物,,どうぶつ,24
nan,"[44995, 45219, 45220, 46729, 47495, 47496, 47497, 47498, 47499, 47500, 47501, 47502, 47507, 52683, 52684, 52685, 53066, 53423, 54626, 54888, 57980, 57988, 57989, 58231, 58232, 61133]","Yonetani Eijirō, Properties",よねたにえいじろう,,よねたにえいじろう,25
nan,"[9057, 9058, 9059, 9120, 9121, 9122, 9123, 9133, 9134, 9151, 9152, 9153, 9154, 9155, 9156, 9157, 9158, 9159, 9160, 9161, 9162, 9163, 9164, 9165, 9166, 9167, 9168, 9169, 9170, 9171, 9172, 9173, 9174, 9175, 9176, 9177, 9178, 9179, 9180, 9181, 9182, 9183, 9184, 9190, 9191, 9192, 9193, 12358, 12359, 12382, 12383, 12384, 12385, 12387, 12388, 12429, 12430, 12435, 12436, 12437, 12761, 12762, 12763, 12771, 12772, 12773, 12774, 12775, 12776, 12777, 12778, 12779, 12780, 12781, 12782, 12783, 12784, 12785, 12786, 12787, 12788, 12789, 12790, 12859, 12860, 12861, 12916, 12917, 12918, 12919, 12920, 12921, 12922, 12923, 12924, 12925, 12926, 12927, 12928, 12929, ...]",Fox,狐,See also Animal.,きつね,26
Headgrip to which neck and head of puppet are permanently attached and from which toggles protrude.,"[44994, 44999, 45000, 45030, 45044, 45049, 45222, 45224, 45226, 45227, 45228, 45232, 45234, 45235, 45236, 45269, 45282, 45709, 45713, 45716, 45928, 45938, 46047, 46157, 46158, 46160, 46728, 46734, 46804, 46819, 46820, 47473, 47474, 47475, 47476, 47477, 47619, 47620, 47621, 47622, 47623, 47624, 47638, 47639, 47640, 47641, 47642, 47643, 47644, 47650, 47670, 47672, 47673, 47674, 48444, 48845, 49029, 49030, 49031, 49666, 49667, 49668, 49669, 55976, 55979, 55989, 55990, 55993, 55995, 55998, 56012, 56013, 60731, 61518, 61644, 61645, 64475, 64499, 64500]",Dōgushi [headgrip],胴串,,どうぐし,27
nan,"[44980, 44993, 44999, 45030, 45071, 45113, 45230, 45238, 45242, 45248, 45294, 45318, 45710, 45713, 45716, 45926, 46015, 46017, 46035, 46037, 46042, 46155, 46156, 46157, 46158, 46159, 46487, 46489, 46491, 46493, 46495, 46521, 46733, 46759, 46781, 46782, 46821, 46833, 46836, 46861, 46899, 47069, 47070, 47071, 47073, 47074, 47446, 47447, 47448, 47453, 47625, 47626, 47627, 47628, 47629, 47630, 47653, 47678, 47679, 47685, 47853, 47854, 48440, 48441, 48455, 48466, 48467, 49231, 49232, 49235, 49265, 49266, 49267, 49268, 49269, 49270, 49647, 49648, 49655, 49656, 49657, 49658, 49670, 49671, 49672, 49673, 49676, 49677, 50912, 50913, 50925, 50926, 50927, 50928, 50989, 50990, 50991, 52160, 52211, 52459, ...]",Arm,手,,て,28
nan,"[44980, 44983, 45001, 45010, 45057, 45058, 45071, 45238, 45240, 45264, 45288, 45294, 45312, 45318, 46015, 46017, 46031, 46033, 46042, 46043, 46045, 46047, 46155, 46156, 46158, 46495, 46567, 46717, 46718, 46733, 46833, 46835, 46837, 46861, 47072, 47148, 47151, 47152, 47153, 47154, 47155, 47156, 47158, 47168, 47204, 47438, 47439, 47577, 47579, 47580, 47647, 47682, 47683, 47853, 47854, 47882, 47883, 47884, 48440, 49231, 49233, 49234, 49257, 49260, 49261, 49279, 49280, 49281, 49282, 49283, 49287, 49288, 49651, 49652, 49653, 49654, 49655, 49656, 49657, 49658, 49674, 49675, 50928, 51100, 52470, 52474, 52475, 52482, 52483, 52484, 52485, 52486, 52828, 55915, 55916, 55981, 55997, 56446, 57318, 57319, ...]",Leg,足,,あし,29
nan,"[44979, 44983, 44984, 45007, 45114, 45116, 45258, 45260, 45261, 45262, 45264, 45266, 45290, 46039, 46041, 46043, 46045, 46047, 46503, 46519, 46537, 46539, 46541, 46713, 46717, 46718, 46726, 46727, 46742, 46836, 46837, 46900, 46902, 47041, 47042, 47043, 47044, 47137, 47139, 47140, 47141, 47142, 47143, 47144, 47145, 47146, 47147, 47148, 47149, 47150, 47151, 47152, 47153, 47154, 47155, 47156, 47157, 47158, 47159, 47174, 47175, 47176, 47197, 47198, 47199, 47200, 47201, 47202, 47203, 47204, 47413, 47414, 47415, 47416, 47417, 47418, 47419, 47420, 47421, 47422, 47423, 47431, 47432, 47685, 49273, 49274, 49275, 49276, 49277, 49289, 49290, 50943, 50944, 50945, 50946, 50947, 50983, 50984, 50985, 50986, ...]",Costume,衣装,,いしょう,30
nan,"[44982, 44994, 44997, 45268, 45304, 45445, 46713, 46716, 46728, 46738, 47104, 47105, 47459, 47462, 47558, 47559, 47560, 47561, 47562, 47563, 47700, 47701, 60712, 60713, 61127, 61187, 61272, 61672]","Mochizuki Taishirō, Offstage Musician",もちづきたいしろう,,もちづきたいしろう,31
nan,"[8591, 9555, 9556, 9557, 9558, 9559, 9560, 9561, 9562, 9563, 9564, 11300, 11301, 11302, 11304, 11307, 11308, 11312, 11479, 11480, 11586, 11587, 11588, 11589, 11590, 11591, 11627, 11628, 11629, 11631, 11632, 11634, 11635, 11637, 44981, 45016, 45045, 45046, 45057, 45061, 45078, 45116, 45300, 45301, 45302, 45367, 45453, 45461, 46021, 46023, 46027, 46084, 46086, 46092, 46206, 46515, 46517, 46525, 46533, 46535, 46626, 46667, 46669, 46698, 46700, 46704, 46706, 46712, 46715, 46757, 46761, 46764, 46765, 46809, 46833, 46834, 46843, 46868, 46902, 46913, 46914, 46933, 46934, 46936, 46937, 47025, 47091, 47094, 47095, 47096, 47097, 47098, 47099, 47100, 47101, 47102, 47103, 48117, 48907, 48908, ...]",Set Construction,大道具造り,,おおどうぐづくり,32
nan,"[44990, 45005, 45304, 45433, 45445, 45460, 46716, 46724, 52540, 52541, 52542, 52543, 52544, 52545, 52546, 52662, 52663, 57879, 57880, 61187, 61272, 61977]",Taiko [drum],太鼓,,たいこ,33
nan,"[45001, 45343, 45345, 45347, 46736, 47485, 47486, 47487, 47488, 47489, 47490, 47491, 47492, 47493, 47494, 47689, 47690, 47691, 47692, 47693, 47694, 47695, 54621, 54906, 55924, 55925, 55926, 55927, 55928, 55929, 55930, 55931, 55932, 55933, 55934, 55935, 55936, 55937, 55938, 55939, 55940, 55941, 55942, 55943, 55944, 55945, 55946, 55947, 55948, 55949, 55950, 55951, 55952, 55953, 60682, 61986]",Training,稽古,,けいこ,34
nan,"[44993, 45353, 45355, 45363, 46727, 47452, 47454, 47455, 47457, 56564, 56565, 56566, 56567, 56569, 56570, 56571, 60709, 60710, 61194, 61273, 61292, 61300, 61676, 61927, 64624, 64625, 64626, 64628, 64629, 64630, 64631, 64632, 64633, 64634, 64635, 64636, 64637, 64638, 64639, 64640, 64641, 64642, 64643, 64644, 64645, 64646, 64647, 64648]",Yukahon [narrator's text],床本,,ゆかほん,35
nan,"[45007, 45010, 45013, 45017, 45021, 45024, 45030, 45071, 45219, 45220, 45306, 45310, 45312, 45314, 45335, 45347, 45398, 45406, 45416, 45417, 45418, 45419, 45420, 45422, 45423, 45424, 45472, 45473, 45474, 45476, 45478, 45483, 45487, 45489, 45491, 45493, 45495, 45503, 45505, 45509, 45511, 45513, 45711, 45712, 45713, 45717, 45752, 45754, 45756, 46013, 46015, 46017, 46035, 46159, 46160, 46479, 46513, 46515, 46519, 46712, 46720, 46721, 46723, 46733, 46734, 46743, 46748, 46752, 46755, 46758, 46766, 46767, 46768, 46773, 46780, 46781, 46833, 46836, 46837, 46861, 47007, 47008, 47009, 47010, 47051, 47237, 47246, 47275, 47276, 47277, 47278, 47279, 47280, 47281, 47282, 47283, 47284, 47322, 47323, 47324, ...]",Puppet,人形,,にんぎょう,36
Transverse harp with a wooden body and silk strings.,"[9221, 9222, 9223, 9224, 9225, 9226, 9227, 9632, 9633, 9634, 9635, 9636, 9637, 9638, 9639, 9640, 9642, 9643, 9644, 45025, 45042, 45070, 45076, 45599, 45640, 45642, 45644, 45679, 45920, 45973, 46149, 46150, 46193, 46774, 46828, 46860, 48262, 48290, 48291, 48292, 48293, 48294, 48297, 48790, 49136, 49137, 49138, 49139, 49627, 49628, 49629, 49857, 49858, 49859, 52337, 52900, 54205, 54205, 54206, 56750, 56751, 56752, 56753, 56754, 56756, 57522, 57525, 57526, 57527, 57529, 57530, 57531, 57532, 57533, 57534, 57535, 57538, 57539, 57540, 57541, 57897, 57898, 57899, 57903, 57904, 58361, 62122, 62123, 64446]",Koto [transverse harp],琴,,こと,37
Flying performance by performer being suspended by wires.,"[9171, 9172, 9173, 9174, 9175, 9196, 9197, 12254, 12255, 12256, 12257, 12854, 12855, 12856, 12934, 12935, 12936, 45060, 45068, 46068, 46134, 46841, 46856, 49327, 49328, 49329, 49332, 49553, 49554, 49555, 51495, 51496, 51497, 51498, 51499, 51779, 51780, 51781, 51782, 51787, 51793, 51794, 51885, 51886, 51887, 51888, 51889, 51890, 51891, 52307, 52355, 52374, 57214, 57215, 57216, 57217, 57218, 57219]",Chūzuri [flying performance],宙吊り,,ちゅうづり,38
Announcement performance.,"[45025, 45675, 46192, 46361, 46363, 46365, 61681]",Kōjō performance,口上（演目）,,こうじょう,39
nan,"[8379, 8380, 8768, 8769, 9055, 9056, 9571, 9572, 9573, 9574, 9575, 9576, 9577, 9578, 9579, 9580, 9581, 9582, 9583, 9584, 9585, 9586, 9587, 9588, 9589, 9590, 9591, 9592, 9593, 9594, 9595, 9596, 9597, 9598, 9599, 9600, 9601, 9602, 9603, 9604, 9605, 9606, 9607, 9608, 9715, 10098, 10099, 10171, 11022, 11023, 11024, 11025, 11026, 11027, 11028, 11029, 11030, 11300, 11301, 11302, 11304, 11306, 11307, 11308, 11310, 11311, 11312, 11355, 11427, 11428, 11476, 11523, 11541, 11546, 11560, 11583, 11584, 11585, 11586, 11587, 11614, 11619, 11620, 11621, 11622, 11623, 11638, 11766, 11767, 11768, 11769, 11770, 11771, 11772, 11773, 11774, 11775, 11776, 11777, 11778, ...]",Puppeteer,人形遣い,,にんぎょうづかい,40
Distribution/selection of puppet heads for roles.,"[49044, 49057, 49058, 59423, 59424, 59425, 59426]",Kashirawari [distribution of puppet heads],首割り,,くびわり,41
nan,[nan],"Mochizuki Haruo, Offstage Musician",もちづきはるお,,もちづきはるお,42
"Literally, shaded manipulator; denotes that all performing pupeteers appear on stage hooded and in the black robe (kuroko).","[8281, 8282, 8283, 8284, 8285, 8286, 8287, 8288, 8289, 8364, 8365, 8366, 8367, 8368, 8445, 8446, 8447, 8448, 8450, 8452, 8453, 8461, 8462, 8966, 8967, 8968, 8969, 8970, 8971, 8972, 9051, 9052, 9674, 9675, 9676, 9677, 9678, 9679, 9680, 9681, 9682, 9683, 9684, 9685, 9686, 9687, 9688, 9689, 9690, 9691, 9692, 9693, 9694, 9695, 9696, 9697, 9698, 9699, 9700, 9701, 9702, 9703, 9704, 9705, 9706, 9707, 9708, 9709, 9710, 9711, 9712, 9713, 9714, 9954, 9955, 9956, 9957, 9958, 9959, 9960, 9961, 9962, 9963, 9964, 9965, 9966, 9967, 9968, 9969, 9970, 9971, 9972, 9973, 9974, 9975, 9976, 9977, 9978, 9979, 9980, ...]",Kagezukai [hooded performers],影遣い,,かげづかい,43
nan,"[47645, 52185, 52187, 52190, 52192, 52193, 52196, 52201, 52203, 52205, 52225, 52226, 52237, 52238, 52240, 52241, 52242, 52243, 52244, 52245, 52395, 52396, 52397, 52398, 52399, 52400, 52403, 52404, 52405, 60752, 60754, 60764, 60765, 60766, 60767, 60768, 60769, 60770, 60771, 60772, 60773, 60774, 60775, 60776, 60777, 60778, 60779, 60781, 60782, 60783, 60784, 60785, 60786, 60787, 60788, 60789, 60791, 60792, 60793, 60794, 60796, 60798, 60800, 60802, 60807, 60808, 60810, 60811, 60813, 60814, 60816, 60817, 60820, 60821, 60828, 60830, 60831, 60837, 60842, 60844, 60845, 61144, 61145, 61146, 61147, 61150, 61151, 61152, 61153, 61154, 61155, 61157, 61226, 61230, 61231, 61233, 61236, 61258, 61259, 61260, ...]",Barbara Curtis Adachi,バーバラ・カーティス・足立,,ばーばら・かーてぃす・あだち,44
nan,"[52399, 52400, 52401, 52402, 52403, 52404, 52405, 61165, 61352, 61353, 61354, 61355, 61356, 61357, 61358, 61359, 61360, 61361, 61362, 61363, 61364, 61365, 61366, 61367, 61368, 61369, 61370, 61371, 61372, 61373, 61374, 61375, 61376, 61377, 61378, 61379, 61380, 61381, 61382, 61383, 61384, 61385, 61386, 61387, 61388, 61389, 61390, 61391, 61392, 61393, 61394, 61395, 61396, 61397, 61398, 61399, 61400, 61401, 61402, 61403, 61404, 61405, 61406, 61407, 61408, 61409, 61410, 61411, 61412, 61413, 61414, 61415, 61416, 61417, 61418, 61419, 61420, 61421, 61422, 61423, 61424, 61425, 61426, 61427, 61428, 61429, 61430, 61453, 61454, 61455, 61532, 61534, 61536, 61803, 61804, 61805, 61806, 61807, 61808, 61809, ...]","Tour, International",海外公演,,かいがいこうえん,45
nan,[nan],"Chikamatsu Monzaemon, 1653-1725",近松門左衛門,,ちかまつもんざえもん,46
For The Voices and Hands of Bunraku.,"[46721, 46723, 47275, 47645, 52244, 52245, 61163, 61529, 61897, 62219, 62220, 62222, 62223, 62224, 62227, 62233, 62234, 62237]","Harri Peccinotti, Photographer",ハリ・ペチノッティ,,はり・ぺちのってぃ,47
For The Voices and Hands of Bunraku.,"[60738, 60739, 60740, 60741, 60742, 60743, 60744, 60745, 60746, 60747, 60748, 60750, 60751, 60756, 60757, 60761, 61162]","Jason Choi, Translator",ジェイソン・チョイ,,じぇいそん・ちょい,48
For The Voices and Hands of Bunraku.,"[60749, 60753, 60759, 60760, 61160]","Derek Birdsall, Art Director",デレック・バードサル,,でれっく・ばーどさる,49
For The Voices and Hands of Bunraku.,"[47645, 52244, 52245, 60739, 60743, 60744, 60745, 60746, 60747, 60750, 60755, 60756, 60758, 61161, 61529, 61897, 62221, 62228, 62234]","Gregory Vitiello, Editor",グレゴリー・ヴィティエロ,,ぐれごりー・びぃてぃえろ,50
"By Barbara C. Adachi, Tokyo; New York: Kodansha International, c1978.","[52185, 52186, 52187, 52243, 52244, 52245, 52518, 52986, 54056, 55410, 55879, 56166, 56693, 60703, 60704, 60705, 60706, 60707, 60708, 60709, 60710, 60711, 60712, 60713, 60714, 60715, 60716, 60717, 60718, 60719, 60720, 60721, 60722, 60724, 60725, 60726, 60727, 60728, 60729, 60730, 60731, 60732, 60733, 60734, 60735, 60736, 60737, 60738, 60739, 60740, 60741, 60742, 60743, 60744, 60745, 60746, 60747, 60748, 60749, 60750, 60751, 60752, 60753, 60754, 60755, 60756, 60757, 60758, 60759, 60760, 60761, 60762, 60763, 60764, 60765, 60766, 60767, 60768, 60769, 60770, 60771, 60772, 60773, 60774, 60775, 60776, 60777, 60778, 60779, 60780, 60781, 60782, 60783, 60784, 60785, 60786, 60787, 60788, 60789, 60790, ...]",The Voices and Hands of Bunraku,文楽のひとびと,,ぶんらくのひとびと,51
"By Barbara C. Adachi, New  York: John Weatherhill, Inc., 1985.","[52262, 52263, 52264, 61170, 61171, 61172, 61173, 61174, 61175, 61176, 61177, 61178, 61180, 61186, 61187, 61188, 61189, 61191, 61192, 61193, 61194, 61195, 61196, 61197, 61198, 61199, 61200, 61201, 61202, 61203, 61204, 61205, 61206, 61207, 61208, 61209, 61210, 61211, 61212, 61214, 61215, 61216, 61217, 61218, 61219, 61247, 61266, 61267, 61268, 61269, 61270, 61271, 61272, 61273, 61274, 61275, 61276, 61277, 61278, 61279, 61280, 61281, 61282, 61289, 61600, 61657, 61658, 61659, 61660, 61661, 61662, 61663, 61664, 61665, 61666, 61667, 61668, 61669, 61670, 61903, 61904, 61905, 61906]",Backstage at Bunraku,バックステージ・アット・ブンラク,,ばっくすてーじ・あっと・ぶんらく,52
"Opened in Osaka, Japan, in 1984.",[nan],National Bunraku Theatre,国立文楽劇場,,こくりつぶんらくげきじょう,53
nan,"[8295, 9340, 9341, 9342, 9343, 9344, 9346, 9347, 9348, 9368, 9371, 9373, 9376, 9377, 11365, 11441, 11450, 11481, 11560, 11583, 11584, 11585, 11586, 11587, 11620, 11621, 11638, 11768, 11769, 11770, 11771, 11772, 11773, 11774, 11777, 11778, 11978, 45319, 45320, 45429, 45459, 45463, 46711, 46747, 46751, 46752, 46766, 46816, 46827, 46841, 46960, 46985, 46986, 46987, 46988, 46989, 46990, 47006, 47849, 47850, 47851, 47852, 47918, 47919, 47920, 47921, 47925, 47927, 47939, 47941, 47942, 47943, 48165, 48264, 48298, 48567, 48569, 48570, 48647, 48744, 48860, 48861, 48862, 48863, 48921, 48922, 48923, 48999, 49000, 49001, 49006, 49007, 49008, 49333, 49334, 49335, 49336, 49337, 49338, 49351, ...]",Directing,演出,,えんしゅつ,54
nan,[nan],Performer directory,文楽人名録,,ぶんらくじんめいろく,56
nan,"[46834, 47517, 47518, 49248, 49249, 55828, 55829, 55830, 55831, 55836, 55839, 55840, 55954, 56322, 56342, 57928, 57929, 62214]",Theater,劇場,"Photographs of viewer seats, stage curtain, etc.",げきじょう,58
nan,[nan],Personal photograph,足立個人写真,"Bunraku related, but off-off-stage photographs, e.g. with family of performers.",あだちこじんしゃしん,59
nan,"[52147, 52148, 52149, 52150, 52151, 52181, 52182, 52183, 52184, 55887, 55888, 55889, 55890, 55891, 55892, 55893, 55894, 55895, 55896, 55897, 55898, 55899, 55900, 55901, 55902, 55903, 55904, 55905, 55906, 55907, 55908, 55909, 56258, 56259, 56260, 56261, 56262, 56263, 56345, 56346, 56347, 56348, 56349]",Non-Bunraku materials,文楽以外の資料,,ぶんらくいがいのしりょう,60
"Three instruments: koto, kokyū and shakuhachi. Played in Bunraku by a shamisen player when a character in performance plays the instrument.","[9652, 9654, 9656, 9658, 9666, 9668, 9670, 9671, 9672, 9673, 46829, 49140, 49141, 49142, 49143, 49144, 57536, 57537, 57544, 57545, 57546, 57547, 57548, 57549, 57550, 57551, 57552, 57553, 57554, 57555, 57559, 62159]",Sankyoku [three instruments],三曲,,さんきょく,61
Revolving platform for narrators and shamisen players.,"[46847, 47974, 49419, 52728, 52755, 52764, 56293, 61115, 61196, 61273, 61659, 61668]",Auxiliary stage,床あるいは出語台,,ゆか,62
"A device consisting of a wooden rod, a cord, and a lever attached to puppet's left arm.","[49267, 49268, 49269, 49270, 49290, 49291, 49647, 49648, 49670, 49671, 49672, 49673, 49676, 49677, 50926, 50927, 58260, 58261, 58282, 58285, 61633, 61647, 61648, 64532, 64533, 64615, 64616]",Armature,さし金,,さしがね,63
nan,"[9666, 9668, 9670, 9671, 9672, 9673, 49140, 49141, 49142, 49143, 49144, 62159]",Kokyū [a musical instrument],胡弓,,こきゅう,64
nan,[nan],Shakuhachi [a musical instrument],尺八,,しゃくはち,65
nan,[nan],"Puppetry, non-Bunraku",文楽以外の人形浄瑠璃,,ぶんらくいがいのにんぎょうじょうるり,66
nan,[nan],Performance list,公演情報資料,,こうえんじょうほうしりょう,67
nan,[nan],Performance recording,文楽サウンドレコーディング,For audio visual materials.,ぶんらくさうんどれこーでぃんぐ,68
nan,"[9492, 9493, 9494, 9495, 9496, 9497, 9498, 9499, 9500, 9501, 9502, 9503, 9504, 9505, 9506, 9507, 9508, 9509, 9510, 9511, 9512, 9513, 9514, 9515, 9516, 9517, 9518, 9519, 9520, 9521, 9522, 9523, 9524, 9525, 9526, 9527, 9528, 9529, 9530, 9531, 9532, 9533, 9534, 9535, 9536, 9537, 9538, 9539, 9540, 9541, 9542, 9543, 9544, 9545, 9546, 9547, 9548, 9549, 9550, 9551, 9552, 9553, 9554, 52406, 61322]",Television programs/motion pictures,テレビ番組・映画,For audio visual materials.,てれびばんぐみ・えいが,69
"Literally, east and west; hear ye!","[9715, 10098, 10099, 10171, 11523, 11541, 46848, 47710, 47711, 49462, 52051, 52053, 52552, 53395, 54122, 54123, 54242, 55830, 55831, 55832, 55833, 55834, 55839, 57387, 58244, 58245, 58452, 58561, 58622, 58885, 59899, 59900, 60121, 62156]",Kōjō [announcement],口上（東西東西）,,こうじょう（とうざいとうざい）,70
nan,"[47453, 47813, 47814, 47815, 47816, 47817, 47818, 47819, 47820, 47821, 47822, 47950, 47951, 47952, 47953, 47954, 47955, 47956, 47957, 47958, 47959, 47960, 47961, 47962, 47963, 47964, 47965, 47966, 47967, 47969, 52187, 52188, 52190, 52192, 52193, 52194, 52195, 52196, 52200, 52201, 52202, 52203, 52205, 52206, 52207, 52209, 52210, 52211, 55848, 55849, 55850, 55851, 55852, 55853, 55854, 55855, 55856, 55857, 55858, 55859, 55860, 55861, 55862, 55863, 55864, 55865, 55866, 55867, 55868, 55869, 55870, 55871, 55872, 55873, 55874, 55875, 55876, 55877, 55878, 55879, 55880, 55881, 55882, 55883, 55884, 55885, 55886, 55924, 55925, 55926, 55927, 55928, 55929, 55930, 55931, 55932, 55933, 55934, 55935, 55936, ...]",Adachi's Interviews,足立インタビュー資料,Barbara Curtis Adachi's interviews of Bunraku Troupe members.,あだちいんたびゅーしりょう,71
nan,[nan],"Kineya Hiroji, Offstage Musician",きねやひろじ,,きねやひろじ,72
nan,"[8281, 8282, 8283, 8284, 8289, 8306, 8324, 8325, 8326, 8327, 8379, 8380, 8382, 8383, 8421, 8423, 8424, 8425, 8434, 8435, 8436, 8450, 8452, 8453, 8464, 8478, 8479, 8480, 8513, 8514, 8515, 8516, 8517, 8518, 8519, 8533, 8534, 8590, 8591, 8592, 8593, 8594, 8595, 8596, 8597, 8598, 8630, 8631, 8647, 8859, 9055, 9056, 9094, 9097, 9098, 9099, 9101, 9102, 9103, 9108, 9117, 9118, 9119, 9130, 9131, 9138, 9172, 9173, 9174, 9175, 9565, 9566, 9567, 9568, 9625, 9626, 9641, 9716, 9718, 9721, 9726, 9733, 9751, 9752, 9956, 9957, 9958, 9959, 9960, 9963, 9969, 9970, 9974, 9976, 9977, 9989, 9990, 9991, 10005, 10007, ...]",Stage set,大道具,,おおどうぐ,73
nan,"[47645, 52245, 61529]",Hirata Yukio,ひらたゆきお,Accompanied Adachi on her interview trips with Bunraku Troupe members in 1977.,ひらたゆきお,74
nan,"[60763, 60764, 60779, 60780, 60782, 60783, 60784, 60785, 60786, 60787, 60793, 60794, 60796, 60798, 60802, 60807, 60810, 60811, 60813, 60814, 60816, 60817, 60820, 60821, 60828, 60830, 60831, 60837, 60841, 61144, 61145, 61146, 61147, 61538, 61900, 61901, 61902]",Donald Keene,ドナルド・キーン,,どなるど・きーん,75
nan,[61143],History of Bunraku,文楽の歴史資料,,ぶんらくのれきししりょう,76
nan,[nan],"Hamatani Hitoshi, Stage Director",浜谷仁,,はまだひとし,77
Puppet manipulated by one puppeteer,"[9625, 9626, 9641, 9987, 10073, 10082, 10083, 10084, 11164, 11174, 53338, 53339, 53403, 55160, 55164, 55167, 55273, 55282, 55498, 55499, 55500, 57522, 57523, 57557, 57911, 57912, 58624]",Hitori zukai,一人遣い,,ひとりづかい,78
